Unnamed: 0,latitude,longitude,age_first_funding_year,age_last_funding_year,age_first_milestone_year,age_last_milestone_year,relationships,funding_rounds,funding_total_usd,milestones,is_CA,is_NY,is_MA,is_TX,is_otherstate,has_VC,has_angel,has_roundA,has_roundB,has_roundC,has_roundD,avg_participants,is_top500,founded_year,startup_age
919,40.364273,-74.951278,1.8301,3.3288,3.274,7.6274,16,2,17100000,4,0,0,0,0,1,0,0,1,1,0,0,2.5,1,2005,18
329,42.4871509,-71.1986329,0.9178,2.6329,2.9534,3.9699,5,2,15000000,2,0,0,1,0,0,0,0,1,1,0,0,2.0,1,2008,15
852,37.404788,-121.940842,5.4767,5.4767,0.0,0.0,5,1,30000000,0,1,0,0,0,0,0,0,0,0,1,0,6.0,1,2005,18
874,37.36883,-122.03635,7.537000000000001,7.537000000000001,7.0055,7.0055,6,1,15000000,1,1,0,0,0,0,0,0,0,0,0,1,6.0,1,2003,20
964,37.388869,-122.072353,5.0767,5.0767,4.7562,6.0466,7,1,5000000,2,1,0,0,0,0,0,0,1,0,0,0,1.0,0,2007,16
438,37.382162,-122.036301,1.7479,3.5452,2.0,2.0,4,2,80000000,1,1,0,0,0,0,0,0,1,1,0,0,1.0,0,2005,18
145,37.779281,-122.419236,0.0,0.8685,0.4137,2.1671,3,2,2304999,2,1,0,0,0,0,1,0,0,0,0,0,5.0,1,2011,12
685,37.4429885,-122.1624131,4.6274,9.4493,10.1342,10.6493,22,3,27500000,3,1,0,0,0,0,0,0,1,1,0,0,1.0,1,2000,23
830,40.759089,-73.987573,-0.1151,-0.1151,0.0466,0.0466,1,1,150000,1,0,1,0,0,0,0,1,0,0,0,0,1.0,0,2010,13
975,40.011355,-105.274166,0.0,3.4712,0.0,1.9123,4,5,10000003,2,0,0,0,0,1,1,0,1,1,0,0,1.5,1,2009,14
863,40.397761,-105.07498,3.5123,3.9562,3.9534,4.8356,5,2,510000000,3,0,0,0,0,1,1,0,0,0,0,0,2.5,1,2007,16
682,40.825655,-73.46762199999998,4.4904,4.4904,0.0,0.0,2,1,11000000,0,0,1,0,0,0,0,0,0,0,1,0,3.0,1,2001,22
237,37.288326,-121.945633,6.0055,6.0055,6.0055,6.0055,2,1,10000000,1,1,0,0,0,0,0,0,0,0,1,0,1.0,1,2000,23
632,37.779281,-122.419236,0.8329,0.8329,0.0,0.0,3,1,545000,0,1,0,0,0,0,0,1,0,0,0,0,2.0,1,2009,14
866,37.3965713,-122.0836937,2.4767,2.6438,3.4164,5.2,8,2,20750000,3,1,0,0,0,0,0,0,1,1,0,0,2.0,1,2008,15
986,39.78373,-100.445882,0.7479,7.8247,4.3151,5.9041,16,7,26390819,3,0,0,0,0,1,1,0,1,1,0,0,1.3333,1,2005,18
365,40.729839,-73.991781,0.7479,7.0904,8.0055,9.874,5,2,15100000,3,0,1,0,0,0,0,1,1,0,0,0,1.0,0,2002,21
781,39.364504,-84.247556,0.2247,0.9534,0.5808,1.0685,2,2,700000,2,0,0,0,0,1,0,1,0,0,0,0,2.5,0,2010,13
328,30.384453000000004,-97.709809,2.2082,4.6521,-0.6548,-0.6548,1,2,20000000,1,0,0,0,1,0,1,0,0,0,1,0,2.0,1,2005,18
950,39.103151,-94.581908,5.2027,6.189,7.5068,12.8932,6,2,10000000,2,0,0,0,0,1,0,0,1,1,0,0,4.5,1,2000,23
370,37.522281,-122.258139,0.9151,2.7753,3.0027,3.6466,6,2,9500000,2,1,0,0,0,0,0,0,1,1,0,0,2.5,1,2006,17
753,40.729839,-73.991781,1.1836,1.3781,1.3288,3.1096,7,2,1900000,2,0,1,0,0,0,0,1,1,0,0,0,2.5,1,2009,14
840,40.728158,-74.077642,1.6658,5.3014,5.8356,8.3534,27,6,78500000,3,0,0,0,0,1,0,0,1,1,1,1,3.4,1,2005,18
86,30.6324797,-86.9843446,4.6,9.4164,5.2575,9.7753,19,4,5700000000,2,0,0,0,0,1,0,0,0,0,0,0,4.25,1,2003,20
485,36.002893,-78.904075,-0.1671,2.0192,0.0,0.0,9,2,5000000,0,0,0,0,0,1,0,0,1,1,0,0,2.5,1,2006,17
1101,47.765758,-122.184304,1.0877,1.0877,0.0,0.0,5,1,20500000,0,0,0,0,0,1,1,0,0,0,0,0,4.0,1,1999,24
657,40.730646,-73.986614,0.8904,2.2521,2.6603,2.7534,21,4,36500000,3,0,1,0,0,0,0,0,1,1,1,0,1.5,1,2009,14
599,37.779281,-122.419236,1.2849,2.0082,2.1616,3.4438,12,2,5700000,3,1,0,0,0,0,0,0,1,1,0,0,4.0,1,2009,14
419,37.317847,-121.948469,4.6521,8.1288,6.0055,6.0055,4,4,7210210,1,1,0,0,0,0,1,0,1,1,0,0,1.0,0,2004,19
925,40.729839,-73.991781,0.7726,1.4959,-0.5863,3.7534,14,3,10500000,3,0,1,0,0,0,1,0,1,0,0,0,6.3333,1,2009,14
1074,37.779281,-122.419236,0.4329,1.126,2.6904,3.5397,23,2,9800000,2,1,0,0,0,0,0,1,1,0,0,0,4.5,1,2010,13
1123,34.090368,-118.393064,0.5863,2.6384,3.5425,6.0712,13,3,16500000,4,1,0,0,0,0,0,0,1,1,1,0,1.3333,1,2006,17
202,37.430025,-122.09998,2.7753,5.0027,4.1644,10.7534,2,3,17400000,2,1,0,0,0,0,1,0,0,0,1,0,5.0,1,2003,20
1037,47.601803,-122.332085,1.7507,9.9589,9.3425,10.4603,35,7,33672656,3,0,0,0,0,1,1,0,1,1,0,0,2.0,1,2003,20
210,37.7710177,-122.4025976,3.1589,5.6712,9.0055,9.0055,9,2,23500000,1,1,0,0,0,0,1,0,0,1,0,0,5.0,1,2003,20
977,37.779281,-122.419236,1.8822,1.8822,1.3288,2.9479,6,1,1600000,2,1,0,0,0,0,0,0,1,0,0,0,3.0,1,2009,14
487,37.781689,-122.391061,1.2493,1.2493,2.589,2.589,6,1,1500000,1,1,0,0,0,0,0,0,0,0,0,0,1.0,0,2006,17
885,37.524422,-122.265869,0.5808,4.8521,0.9068,5.4164,10,5,78573646,4,1,0,0,0,0,0,0,1,1,1,0,4.3333,1,2007,16
1099,47.802184,-122.196307,5.6301,8.7589,8.5041,8.7589,9,5,122500000,2,0,0,0,0,1,1,0,0,0,1,1,5.6,1,2000,23
1053,38.894955,-77.03664599999998,3.3863,3.3863,-0.0301,4.4274,4,1,1500000,2,0,0,0,0,1,1,0,0,0,0,0,2.0,0,2009,14
710,37.491356,-122.228843,0.0,3.3863,5.3973,8.7123,17,5,28300000,4,1,0,0,0,0,0,1,1,1,1,1,2.0,1,2005,18
476,40.74632,-73.982607,3.7945,3.7945,0.0,0.0,21,1,45000000,0,0,1,0,0,0,0,0,0,1,0,0,1.0,0,2003,20
458,37.352313,-121.967982,1.7479,5.5616,2.2548,2.2548,5,3,69600000,1,1,0,0,0,0,1,0,0,1,0,1,7.6667,1,2003,20
878,47.603832,-122.330062,1.3342,1.3342,2.3726,4.1562,3,1,2000000,2,0,0,0,0,1,0,0,0,0,0,0,11.0,1,2009,14
779,34.172904,-118.37403700000002,0.0411,3.1425,1.8466,4.4877,30,2,6875000,5,1,0,0,0,0,1,0,1,0,0,0,7.0,1,2008,15
269,37.4587657,-122.1725191,5.9753,7.3918,4.0027,4.0027,5,3,80000000,1,1,0,0,0,0,1,0,0,0,0,1,4.0,1,2000,23
529,37.406914,-122.09037,-1.0521,0.6247,-1.3589,1.663,11,2,3700000,3,1,0,0,0,0,1,0,0,0,0,0,3.0,0,2011,12
686,37.504764,-122.259568,0.0,3.4548,2.0247,3.9753,9,4,36000000,3,1,0,0,0,0,0,0,1,1,1,1,3.0,1,2008,15
68,34.394343,-119.51231,3.0877,3.0877,5.0027,5.0027,6,1,3100000,1,1,0,0,0,0,0,0,1,0,0,0,5.0,1,2003,20
617,42.546483,-71.17366700000002,2.7836,10.9507,-1.9151,-1.9151,10,3,19009671,1,0,0,1,0,0,0,0,0,1,0,0,2.0,1,1999,24
205,32.7154,-117.1565,0.3288,5.3726,9.0055,9.0055,9,3,35150000,1,1,0,0,0,0,0,0,1,1,1,0,3.0,1,2002,21
603,38.97864000000001,-76.492786,5.4932,6.5836,6.7534,6.7534,3,2,13000000,1,0,0,0,0,1,0,0,1,1,0,0,1.5,1,2000,23
891,40.767013,-111.890431,-1.9863,-1.9863,0.0,0.0,3,1,8500000,0,0,0,0,0,1,1,0,0,0,0,0,1.0,0,2007,16
1001,32.901049,-117.192656,1.0329,1.0329,1.4575,2.2055,5,1,2600000,2,1,0,0,0,0,0,0,1,0,0,0,4.0,1,2009,14
36,38.963492,-77.091025,4.0274,8.2712,5.811,11.0986,15,4,24500000,5,0,0,0,0,1,0,0,0,1,1,1,4.3333,1,2002,21
814,39.762314,-104.982256,0.5808,2.5123,0.5918,4.9699,9,3,1415000,4,1,0,0,0,0,1,1,0,0,0,0,1.0,1,2007,16
55,47.602873,-122.336132,2.0027,4.3863,1.5836,4.1918,7,4,30000000,2,0,0,0,0,1,0,1,1,1,0,0,2.0,1,2004,19
5,36.13996,-86.796377,0.4521,6.0822,3.7425,3.7425,2,3,15286415,1,0,0,0,0,1,0,0,1,0,0,0,1.0,0,2007,16
998,34.098242,-118.35697,0.3616,0.3616,0.3753,0.5425,9,1,100000,3,1,0,0,0,0,0,1,0,0,0,0,1.0,0,2011,12
208,40.730646,-73.986614,0.0795,0.0795,0.5014,1.3781,8,1,1750000,2,0,1,0,0,0,0,0,0,0,0,0,5.0,1,2012,11
368,37.444531,-122.163352,0.8356,1.8986,2.3014,3.8356,21,2,4950000,3,1,0,0,0,0,0,1,1,0,0,0,12.5,1,2008,15
704,42.37564,-71.2358,0.6795,4.5507,0.0,0.0,2,5,85381111,0,0,0,1,0,0,0,0,1,1,1,0,4.6667,1,2006,17
622,30.265927,-97.783642,2.9671,3.7151,6.9671,8.3342,16,2,42500000,3,0,0,0,1,0,0,0,0,0,1,1,5.5,1,2003,20
1153,37.557637,-122.28571399999998,3.2493,3.2493,3.8356,7.8959,19,1,14500000,3,1,0,0,0,0,0,0,0,0,1,0,9.0,1,2003,20
589,37.556732,-122.288378,0.7589,2.8329,0.7589,3.8356,12,2,15500000,2,1,0,0,0,0,0,0,1,1,0,0,1.0,1,2009,14
602,42.6161515,-71.3258687,1.0849,2.4986,2.5205,5.0192,10,2,8400000,3,0,0,1,0,0,0,0,1,1,0,0,2.0,1,2006,17
578,37.658313,-122.391032,7.3945,7.3945,4.0027,4.0027,4,1,10000000,1,1,0,0,0,0,0,0,0,0,1,0,1.0,0,2000,23
342,38.904549,-77.061767,1.8247,1.8247,3.8959,5.9068,15,1,2300000,3,1,0,0,0,0,0,0,1,0,0,0,1.0,0,2005,18
630,34.019657,-118.487549,0.7205,3.5945,2.8384,4.0192,17,4,66000000,4,1,0,0,0,0,1,0,1,1,1,0,2.3333,1,2009,14
615,40.694599,-73.990638,-0.7479,0.8192,-1.7507,0.2521,7,2,3500000,2,0,0,0,1,0,0,1,1,0,0,0,1.0,1,2009,14
1136,42.364367,-71.078978,0.6658,5.1315,2.7479,6.0027,15,4,41000000,2,0,0,1,0,0,1,0,1,1,1,0,1.75,1,2006,17
215,33.63776,-117.855989,4.9068,8.1014,0.0,0.0,3,3,4476171,0,1,0,0,0,0,1,0,1,0,0,0,2.0,1,2002,21
332,47.675489,-122.191667,4.0466,9.3041,6.0027,6.0027,2,5,18914576,1,0,0,0,0,1,1,0,0,0,1,0,3.0,1,2001,22
280,33.749099,-84.390185,5.1644,6.0055,0.0,0.0,1,3,25131611,0,0,0,0,0,1,1,0,0,1,0,0,1.0,1,2001,22
282,37.661002,-121.897829,6.8329,10.2712,13.011,13.011,22,2,9000000,1,1,0,0,0,0,0,0,0,0,0,0,4.0,1,2000,23
944,47.614422,-122.192337,4.2959,4.2959,5.0027,5.0027,3,1,5000000,1,0,0,0,0,1,1,0,0,0,0,0,5.0,1,2001,22
153,37.7766184,-122.3938931,1.1671,1.1671,1.926,4.0137,19,1,3000000,4,1,0,0,0,0,0,0,1,0,0,0,2.0,1,2006,17
276,40.138979,-105.124465,4.1836,7.1342,5.0027,5.0027,8,3,68400000,1,0,0,0,0,1,1,0,0,0,1,1,6.5,1,2002,21
619,37.404788,-121.940842,1.063,5.7014,0.0,0.0,0,3,44000000,0,1,0,0,0,0,0,0,0,1,1,0,4.5,1,2005,18
93,42.49739,-71.416794,0.9151,3.7479,0.5808,4.8822,14,3,28000000,2,0,0,1,0,0,0,0,1,1,1,0,2.6667,1,2006,17
502,37.777741,-122.412198,3.1479,4.8795,5.0027,5.0027,5,2,14000000,1,1,0,0,0,0,1,0,1,0,0,0,2.0,1,2005,18
132,37.779281,-122.419236,4.2192,5.6110000000000015,5.0027,5.0027,9,2,20000000,1,1,0,0,0,0,0,0,0,0,1,1,4.5,1,2001,22
1010,37.779281,-122.419236,0.189,1.189,1.3562,1.6575,6,2,1155000,2,1,0,0,0,0,0,1,0,0,0,0,9.5,1,2010,13
1092,37.548418700000006,-122.3151646,1.3041,2.6493,0.0,3.6767,4,3,3282327,2,1,0,0,0,0,1,0,0,0,0,0,2.0,1,2010,13
30,40.743808,-73.983626,0.7452,4.9178,3.0438,6.8411,30,6,125250000,5,0,1,0,0,0,1,0,1,1,1,1,3.5,1,2007,16
1049,30.280148,-97.749908,1.1123,1.937,0.0,1.1123,3,2,4100000,2,0,0,0,1,0,0,0,1,0,0,0,1.5,1,2010,13
435,40.707045,-74.95600300000002,3.9726,10.2493,3.0,3.0,8,4,59000000,1,0,0,0,0,1,0,0,0,1,1,0,6.0,1,2001,22
876,30.280148,-97.749908,0.0,0.0,0.274,0.863,5,1,20000,2,0,0,0,1,0,0,1,0,0,0,0,1.0,0,2010,13
186,37.779281,-122.419236,3.0356,6.7534,4.0027,4.0027,2,3,33000000,1,1,0,0,0,0,0,0,1,1,1,0,4.0,1,2002,21
798,42.37564,-71.2358,5.6849,6.3151,5.0055,5.0055,4,2,15050000,1,0,0,1,0,0,1,0,0,0,1,0,2.5,1,2000,23
819,34.054935,-118.244476,0.6548,0.6548,0.0,0.0,3,1,900000,0,1,0,0,0,0,0,0,1,0,0,0,1.0,1,2006,17
1038,37.453687,-122.228595,0.326,4.6932,3.2548,4.6932,13,4,25200000,3,1,0,0,0,0,0,0,1,1,1,1,4.0,1,2005,18
723,32.901049,-117.192656,11.4329,11.4329,0.0,0.0,1,1,20000000,0,1,0,0,0,0,0,0,0,0,1,0,5.0,1,1996,27
1000,37.78192670000001,-122.3932389,3.8493,4.8329,4.9644,7.2575,18,3,9400000,3,1,0,0,0,0,0,1,1,1,0,0,1.5,1,2005,18
179,39.436844,-76.61870400000002,6.1671,7.9205,8.0055,11.2548,6,3,100000000,3,0,0,0,0,1,1,0,1,0,0,0,2.5,1,2000,23
864,34.018275,-118.495025,0.2521,0.7425,4.2082,6.3479,22,2,4000000,4,1,0,0,0,0,0,0,1,1,0,0,3.0,1,2007,16
962,39.78373,-100.445882,2.8247,2.8247,0.0,2.8219,1,1,20000000,2,0,0,0,0,1,0,0,1,0,0,0,1.0,0,2008,15
526,37.778613,-122.395289,-0.4192,0.6658,0.0,0.0,20,3,22500000,0,1,0,0,0,0,1,0,1,0,0,0,4.0,1,2006,17
842,39.414219,-77.410927,4.3041,4.3041,0.0,0.0,0,1,2600000,0,0,0,0,0,1,0,0,1,0,0,0,1.0,0,2002,21
627,38.232583,-122.636465,1.0,8.8795,4.0027,9.1863,7,5,62600000,2,1,0,0,0,0,1,0,1,1,1,1,9.3333,1,2001,22
41,40.7434025,-73.9890857,1.5123,3.6082,1.3178,4.1589,8,2,7350000,3,0,1,0,0,0,0,0,1,1,0,0,4.5,1,2005,18
455,42.8138649,-86.02384599999998,0.3288,0.3288,-0.4192,-0.4192,3,1,20000,1,0,0,0,0,1,0,1,0,0,0,0,1.0,0,2009,14
122,28.66677,-81.392794,0.0,0.0,0.0,0.0,2,1,125000,0,0,0,0,0,1,0,1,0,0,0,0,1.0,0,2008,15
111,37.40909600000001,-121.94319099999998,0.9726,3.8438,2.0,2.0,18,4,42500000,1,1,0,0,0,0,1,0,1,1,1,0,2.5,1,2005,18
37,37.445326,-122.160671,0.2137,2.2137,4.6301,5.5534,8,2,8500000,3,1,0,0,0,0,0,0,1,1,0,0,1.0,1,2005,18
558,37.400115,-122.052208,6.2986,6.2986,6.0027,6.0027,9,1,15000000,1,1,0,0,0,0,0,0,0,0,0,0,3.0,1,2001,22
58,37.55911,-122.303493,0.6,4.2247,-0.7479,4.4767,9,3,9500000,2,1,0,0,0,0,0,0,1,1,1,0,2.0,1,2006,17
290,59.3352318,18.0571206,5.3041,8.6247,0.0,0.0,4,3,53000000,0,1,0,0,0,0,0,0,0,0,1,1,4.6667,1,2000,23
1065,37.551441,-122.291435,0.2521,4.4055,3.3151,6.7918,27,5,48500000,3,1,0,0,0,0,1,1,1,1,1,0,2.5,1,2006,17
375,37.487259,-122.232217,0.0849,1.8384,1.4164,2.337,3,3,11500000,3,1,0,0,0,0,0,1,1,1,0,0,1.5,1,2008,15
142,37.5455355,-122.32088020000002,3.0219,4.9589,6.5836,6.6822,11,2,9400000,2,1,0,0,0,0,0,0,1,0,0,0,2.0,1,2005,18
545,40.743808,-73.983626,-0.1616,3.8329,3.0027,4.7014,16,4,27063781,4,0,1,0,0,0,0,0,1,1,1,0,3.5,1,2007,16
592,37.354469,-121.990433,1.4164,3.326,4.4192,9.8164,11,2,36000000,3,1,0,0,0,0,0,0,1,1,0,0,3.5,1,2004,19
881,40.750519,-73.993494,1.7479,1.7479,1.0,2.1096,4,1,575000,2,0,1,0,0,0,0,1,0,0,0,0,6.0,0,2010,13
337,37.484347,-122.225803,2.4301,9.0055,8.5781,10.0137,10,6,64630000,3,1,0,0,0,0,1,0,0,1,1,0,3.6667,1,2003,20
325,37.550954,-122.315396,-1.1836,-1.1836,0.8301,0.8301,1,1,2000000,1,1,0,0,0,0,0,0,0,0,0,0,1.0,0,2007,16
803,40.010492,-105.276843,0.2521,0.337,0.0,0.0,5,2,455000,0,0,0,0,0,1,0,1,1,0,0,0,4.5,1,2007,16
35,30.2729209,-97.7443863,0.5014,2.4219,2.8192,5.8849,21,3,10400001,3,0,0,0,1,0,0,0,1,1,0,0,6.0,1,2007,16
292,42.479262,-71.152277,2.9178,4.9205,2.0027,12.5096,6,2,16000000,5,0,0,1,0,0,0,0,1,1,0,0,1.0,1,2000,23
542,51.43247,-2.664213,0.7479,2.0959,1.6548,2.0959,6,2,2000000,3,0,0,0,0,1,0,1,0,0,0,0,1.5,1,2008,15
450,40.60157589999999,-75.3611135,1.5863,3.1808,0.0,0.0,1,3,24150000,0,0,0,0,0,1,1,0,1,1,0,0,2.0,1,2004,19
790,37.786942,-122.401245,1.1616,7.5041,0.0,0.0,5,4,19000000,0,1,0,0,0,0,0,0,1,1,1,0,2.0,1,2006,17
624,37.54841500000001,-122.315636,10.4247,13.0877,8.9808,12.7233,4,3,4087500,3,1,0,0,0,0,1,1,0,0,0,0,1.0,0,1999,24
651,30.409765000000004,-97.75101,2.0301,9.3808,9.0055,9.0055,10,4,49600000,1,0,0,0,1,0,0,0,0,1,1,0,2.6667,1,2003,20
101,34.144926,-118.149767,-0.2521,2.0877,1.4164,1.4164,6,3,1830000,1,1,0,0,0,0,0,1,1,0,0,0,2.0,0,2008,15
258,37.392443,-122.072517,0.6685,6.2795,2.7945,7.4493,16,5,80000000,3,1,0,0,0,0,0,1,1,1,1,1,2.25,1,2006,17
1024,40.728425,-73.999882,0.0,0.0,0.3288,0.3288,2,1,1500000,1,0,1,0,0,0,0,0,0,0,0,0,6.0,1,2010,13
862,33.685697,-117.825982,-0.1369999999999999,3.1452,-2.0932,4.4082,3,3,1310000,4,1,0,0,0,0,0,1,0,0,0,0,1.0,0,2009,14
645,41.505161,-81.693445,7.9178,10.9041,0.0,0.0,4,3,13222860,0,0,0,0,0,1,1,0,0,0,0,0,3.0,1,1999,24
560,39.78373,-100.445882,4.2384,4.2384,0.0,0.0,1,1,50000000,0,1,0,0,0,0,0,0,0,0,0,1,6.0,1,2003,20
667,42.504817,-71.195611,5.2027,8.1178,8.0055,8.0055,2,2,10000000,1,0,0,1,0,0,1,0,0,0,1,0,2.5,1,2000,23
1025,40.650104,-73.94958199999998,0.0,2.4274,2.4274,2.4986,8,2,9030000,2,0,1,0,0,0,0,1,1,0,0,0,4.0,1,2010,13
952,33.133524,-117.254593,5.5671,8.5342,5.6055,7.8384,3,3,36300000,2,1,0,0,0,0,1,0,0,0,1,0,1.5,1,2003,20
673,35.084103000000006,-106.650985,2.9808,5.211,0.0,0.0,4,2,13875001,0,0,0,0,0,1,0,0,0,0,0,0,10.0,1,2007,16
256,33.55327800000001,-117.6779,6.5452,8.6,5.0027,5.0027,4,3,26200000,1,1,0,0,0,0,1,0,0,0,1,0,2.5,1,2001,22
791,37.386778,-121.966277,3.6493,3.6493,0.0,0.0,2,1,21000000,0,1,0,0,0,0,0,0,0,0,1,0,4.0,1,2003,20
347,37.563585,-122.324621,2.3315,6.6767,6.9589,8.9342,17,4,23100000,3,1,0,0,0,0,1,0,1,1,1,0,2.0,1,2004,19
324,47.6257402,-122.3581623,0.1589,2.4274,-0.1699,2.2137,1,2,9000000,2,0,0,0,0,1,1,0,1,0,0,0,1.0,1,2008,15
797,41.875555,-87.624421,4.8411,4.8411,1.0,1.0,3,1,13000000,1,0,0,0,0,1,0,0,0,0,1,0,4.0,1,2002,21
972,38.223032,-122.261642,2.4438,7.1973,-2.0575,6.8767,6,3,25500100,3,1,0,0,0,0,1,0,0,1,0,0,2.5,1,2004,19
724,33.414414,-111.909447,11.1452,11.1452,0.0,0.0,0,1,18000000,0,0,0,0,0,1,0,0,0,1,0,0,7.0,1,1996,27
286,37.43841079999999,-121.9240273,6.4767,7.3507,5.0055,5.0055,2,2,43000000,1,1,0,0,0,0,0,0,0,0,1,1,1.0,1,2000,23
748,37.779281,-122.419236,0.011,2.0986,3.0904,3.7836,12,3,57500000,3,1,0,0,0,0,0,1,1,1,0,0,4.0,1,2010,13
453,33.017317,-96.837682,4.7479,5.2301,5.8548,7.7562,10,2,30000000,3,0,0,0,1,0,1,0,0,0,0,0,1.0,0,2005,18
1127,33.09568,-117.244034,0.5808,1.6548,0.0,0.0,3,2,850000,0,1,0,0,0,0,0,1,1,0,0,0,1.0,1,2006,17
490,40.717248,-74.002662,4.3534,4.3534,6.1699,9.0904,7,1,10000000,3,0,1,0,0,0,0,0,0,1,0,0,4.0,1,2001,22
60,39.914281,-86.07647800000002,4.1315,6.1507,5.5699,6.1096,10,2,2192000,3,0,0,0,0,1,1,0,0,1,0,0,3.0,0,2005,18
126,37.288326,-121.945633,0.8164,0.8164,0.0,0.0,0,1,2000000,0,1,0,0,0,0,0,0,0,0,0,0,1.0,0,2010,13
454,37.446411,-122.16054,2.5014,2.8301,3.0877,3.4932,13,2,28000000,3,1,0,0,0,0,0,0,1,1,0,0,1.0,1,2007,16
315,37.3492097,-122.0326019,-0.0301,-0.0301,0.1369999999999999,0.1369999999999999,3,1,355000,1,1,0,0,0,0,0,1,0,0,0,0,1.0,0,2012,11
709,40.730646,-73.986614,0.7288,3.6055,1.589,4.1041,5,5,4705910,3,0,1,0,0,0,1,1,0,0,0,0,3.0,1,2009,14
338,40.73901,-73.997259,1.9041,1.9041,1.9041,4.0027,13,1,1500000,3,0,1,0,0,0,0,0,1,0,0,0,1.0,0,2007,16
167,40.737216,-73.99094699999998,1.0,2.7096,0.0,0.0,1,2,12000000,0,0,1,0,0,0,0,0,1,1,0,0,1.0,0,2006,17
608,42.360253,-71.058291,1.6658,3.6712,3.6658,3.6712,12,2,4000000,3,0,0,1,0,0,0,1,1,0,0,0,3.0,1,2007,16
932,30.269004,-97.740395,0.0,2.7205,1.0027,5.9479,4,4,3800000,4,0,0,0,1,0,0,1,1,0,0,0,4.75,1,2008,15
100,36.170538,-115.101942,0.7589,2.4521,2.1644,2.9014,3,2,250000,2,0,0,0,0,1,0,1,0,0,0,0,1.5,1,2011,12
847,42.360253,-71.058291,1.8932,2.4466,2.0,3.2767,4,2,11500000,3,0,0,1,0,0,0,0,0,0,0,0,1.0,1,2009,14
550,40.441694,-79.990086,-1.011,1.4877,0.4055,1.3205,3,2,125000,2,0,0,0,0,1,1,1,0,0,0,0,1.0,1,2009,14
883,39.388156,-77.885552,5.4411,5.4411,0.0,0.0,1,1,1000000,0,0,0,0,0,1,0,0,1,0,0,0,3.0,0,2000,23
277,34.185043,-118.878852,3.9178,9.3014,10.7507,10.7507,10,2,24500000,1,1,0,0,0,0,1,0,1,0,0,0,2.0,1,2000,23
500,37.3169065,-122.0497023,3.0877,3.0877,1.0,1.0,4,1,13400000,1,1,0,0,0,0,0,0,0,1,0,0,2.0,1,2002,21
172,43.643967,-70.923675,4.3699,4.3699,0.0,0.0,0,1,662000,0,0,0,0,0,1,0,0,1,0,0,0,3.0,0,2008,15
906,41.817807,-88.173402,0.0,0.0,0.0,0.0,1,1,45000000,0,0,0,0,0,1,0,0,0,0,0,0,2.0,0,2010,13
811,37.748676,-122.415813,-0.4959,1.2548,2.1726,4.6,21,2,6000000,2,1,0,0,0,0,0,1,1,0,0,0,4.0,1,2007,16
910,44.912723,-93.499059,1.0,3.0575,5.4192,5.4192,3,2,5550000,1,0,0,0,0,1,0,1,1,0,0,0,1.0,1,2003,20
1131,28.032975,-82.64611,0.4192,0.4192,0.0,0.0,5,3,5900000,0,0,0,0,0,1,0,1,0,0,0,0,1.0,0,2006,17
288,30.306591,-97.826727,1.0877,3.6438,3.4986,3.4986,2,3,44000000,1,0,0,0,1,0,0,0,1,1,1,0,4.0,1,2004,19
729,40.750519,-73.993494,1.8,1.8,1.9151,1.9151,8,1,1100000,1,0,1,0,0,0,0,1,0,0,0,0,8.0,1,2009,14
895,37.406914,-122.09037,3.7233,3.7233,0.0,0.0,1,1,4000000,0,1,0,0,0,0,0,0,0,1,0,0,3.0,1,2002,21
422,30.268735,-97.745209,0.4137,3.2438,0.4137,6.8,5,3,9700000,4,0,0,0,1,0,1,0,1,0,0,0,1.0,1,2007,16
431,37.7831775,-122.3086191,2.6438,2.6438,0.0,7.3918,4,1,5000000,2,1,0,0,0,0,0,0,0,1,0,0,1.0,1,2006,17
318,37.788266,-122.403865,0.5205,1.0959,0.2521,2.0575,12,2,3150000,2,1,0,0,0,0,0,1,1,0,0,0,11.5,1,2007,16
1042,42.393662,-71.25585500000003,3.6877,5.9644,0.0,0.0,7,2,13500000,0,0,0,1,0,0,1,0,0,0,1,0,2.5,1,2002,21
965,37.445586,-122.161929,0.1644,0.1644,1.4822,1.4822,3,1,3000000,1,1,0,0,0,0,1,0,0,0,0,0,1.0,0,2010,13
555,42.3751,-71.105616,-0.5836,1.3425,0.0,1.5479,4,7,457282,2,0,0,1,0,0,1,1,0,0,0,0,1.0,1,2008,15
596,37.320309,-122.05004,0.7205,2.4356,0.7671,2.7918,7,2,3000000,2,1,0,0,0,0,0,0,1,1,0,0,2.5,1,2009,14
799,33.685697,-117.825982,4.3726,9.3616,4.0027,9.3616,5,3,24510540,2,1,0,0,0,0,1,0,1,1,0,0,2.6667,1,2001,22
915,37.386778,-121.966277,3.3315,3.3315,0.0,0.0,0,1,9500000,0,1,0,0,0,0,1,0,0,0,0,0,2.0,0,2002,21
889,42.4717204,-71.26214350000002,5.6438,5.6438,8.0055,11.3288,9,1,12700000,2,0,0,1,0,0,0,0,0,0,0,1,4.0,1,2000,23
441,42.3988661,-71.253781,2.4521,5.1562,7.6712,8.2219,7,3,28000000,2,0,0,1,0,0,0,0,1,1,1,0,2.6667,1,2004,19
436,42.3624253,-71.116031,0.8301,2.0767,1.0027,1.0027,4,2,55000000,1,0,0,1,0,0,0,0,1,1,0,0,2.0,1,2008,15
1110,37.451124,-122.16626399999998,2.1616,3.2877,3.4986,7.6904,13,2,33000000,4,0,0,0,0,0,0,0,1,1,0,0,2.5,1,2005,18
246,34.430786,-119.715074,0.0,0.0,0.737,0.737,2,1,50000,1,1,0,0,0,0,0,1,0,0,0,0,2.0,0,2008,15
816,39.78373,-100.445882,0.4192,0.8877,0.0849,1.863,3,2,3250000,3,0,0,0,0,1,1,0,1,0,0,0,1.0,1,2009,14
563,44.9773,-93.265469,2.8493,2.8493,2.9068,4.1918,7,1,3500000,3,0,0,0,0,1,0,0,1,0,0,0,2.0,1,2009,14
1152,40.73901,-73.997259,0.5836,1.6521,0.6329,4.263,6,2,540000,2,0,1,0,0,0,0,1,0,0,0,0,2.5,1,2007,16
469,37.354469,-121.990433,3.7562,3.7562,0.0,0.0,1,1,27500000,0,1,0,0,0,0,0,0,0,0,1,0,7.0,1,2002,21
98,40.01573320000001,-105.275027,0.1041,2.3863,2.3315,2.7918,7,2,4000000,2,1,0,0,0,0,1,0,1,0,0,0,1.0,1,2008,15
793,37.781557,-122.407959,0.0822,0.8384,0.0,4.1836,4,2,4500000,5,1,0,0,0,0,0,1,0,1,0,0,5.5,1,2007,16
979,39.001619,-77.403201,0.0,0.8959,2.0,2.6767,9,2,4500000,2,0,0,0,0,1,0,0,1,1,0,0,2.0,1,2010,13
1091,42.485691,-71.19861999999998,1.2384,4.9726,1.0,1.0,1,5,13130000,1,0,0,1,0,0,1,0,1,0,0,0,2.0,1,2006,17
131,41.678675,-83.51272800000002,1.2849,1.2849,0.0,0.0,1,1,15000,1,0,0,0,0,1,0,1,0,0,0,0,1.0,0,2009,14
421,30.321464,-97.75501,0.7479,0.7479,4.0493,8.3233,12,1,5000000,5,0,0,0,1,0,0,0,1,0,0,0,3.0,1,2004,19
264,37.3767076,-121.997483,3.9178,3.9178,0.0,0.0,2,2,12000000,0,1,0,0,0,0,0,0,1,1,0,0,4.0,1,2004,19
802,42.504817,-71.195611,4.3151,5.8301,0.0,0.0,1,2,16000000,0,0,0,1,0,0,0,0,1,1,0,0,3.0,1,2001,22
299,40.762674,-73.9821315,7.5315,7.5315,10.7342,10.7342,2,1,30000000,1,0,1,0,0,0,1,0,0,0,0,0,5.0,1,2000,23
114,40.73901,-73.997259,0.1671,3.7808,3.8356,6.1178,6,2,626096,3,0,1,0,0,0,1,0,1,0,0,0,1.0,1,2007,16
653,37.404788,-121.940842,6.8932,10.4082,0.0,0.0,5,3,52800000,0,1,0,0,0,0,1,0,0,0,1,0,5.3333,1,2000,23
983,37.36883,-122.03635,0.1644,1.4986,3.1644,5.5479,6,2,3500000,2,1,0,0,0,0,0,1,1,0,0,0,1.0,0,2008,15
687,38.988766,-76.940952,4.0301,4.0849,0.0,0.0,3,2,2257464,0,0,0,0,0,1,1,0,0,0,0,0,1.0,0,2006,17
389,37.791388,-122.392148,4.0027,5.7534,5.9233,6.0,6,4,89500000,2,1,0,0,0,0,0,0,0,1,1,0,1.0,1,2004,19
1022,40.643438,-73.886452,1.1671,3.2110000000000003,0.7534,2.8110000000000004,16,2,12300000,3,0,1,0,0,0,0,0,0,1,1,0,1.5,1,2006,17
129,37.782978,-122.394517,2.0959,2.0959,2.2822,3.1699,6,1,4100000,3,1,0,0,0,0,0,0,1,0,0,0,2.0,1,2007,16
377,42.360253,-71.058291,-0.0027,5.0055,4.9507,7.3726,23,4,19100000,6,0,0,1,0,0,0,0,1,1,1,0,2.5,1,2004,19
806,42.37564,-71.2358,7.6932,14.0329,12.5041,14.0329,3,3,24150000,2,0,0,1,0,0,1,0,1,1,0,0,2.3333,1,1998,25
496,37.792394,-122.402349,0.5041,3.0986,2.2384,3.7562,10,3,7300000,3,1,0,0,0,0,0,1,1,1,0,0,2.0,1,2005,18
218,37.554214,-121.977451,2.4192,5.4384,2.0027,2.0027,2,3,26100000,1,1,0,0,0,0,1,0,0,1,0,0,3.5,1,2004,19
991,40.7445343,-73.98740079999997,3.7534,3.7534,5.5425,6.7562,7,1,10000000,3,0,1,0,0,0,0,0,1,0,0,0,1.0,0,2004,19
930,34.070958000000005,-84.274733,20.8055,20.8055,0.0,0.0,2,1,32000000,0,0,0,0,0,1,0,0,0,1,0,0,7.0,1,1985,38
949,34.050451,-118.437775,0.4658,1.2247,0.0,1.2247,5,2,300000,2,1,0,0,0,0,0,1,0,1,0,0,2.0,1,2010,13
432,37.5541073,-121.9756765,3.1041,4.9205,5.0027,8.3534,10,2,11500000,5,1,0,0,0,0,0,0,1,1,0,0,2.5,1,2005,18
656,44.671539,-70.144101,2.1616,4.9562,0.0,0.0,2,2,4000000,0,0,0,0,0,1,0,0,1,0,0,0,2.0,1,2005,18
397,37.775196,-122.419204,0.9616,5.7151,6.0438,6.8849,18,6,35200000,3,1,0,0,0,0,1,0,1,1,1,0,2.3333,1,2007,16
193,37.2690782,-121.9559995,5.4219,8.3014,8.0055,8.0055,6,3,65800000,1,1,0,0,0,0,1,0,0,0,0,1,4.6667,1,2000,23
988,40.73901,-73.997259,0.0849,0.0849,0.0,0.0,1,1,31000,1,0,1,0,0,0,0,1,0,0,0,0,2.0,0,2010,13
445,37.402773,-122.052551,1.989,4.1534,2.8986,5.2575,10,3,24000000,4,1,0,0,0,0,0,0,1,1,0,0,3.3333,1,2007,16
1052,47.184901,-122.292141,0.0164,0.0164,0.0,0.0,1,1,30000,1,0,0,0,0,1,0,1,0,0,0,0,2.0,0,2011,12
1015,34.147645000000004,-118.144478,1.7616,2.326,0.8767,3.0274,12,2,3529175,3,1,0,0,0,0,1,0,1,0,0,0,1.0,0,2007,16
824,34.054935,-118.244476,0.0,1.4137,1.4137,1.4137,1,2,3350000,1,1,0,0,0,0,0,1,1,0,0,0,2.5,1,2009,14
474,42.528635,-71.27802199999998,4.3315,11.1699,8.7041,8.7068,3,4,135826373,2,0,0,1,0,0,0,0,0,1,0,1,4.3333,1,2002,21
97,38.872668,-77.367981,2.6712,3.8822,4.0027,7.3205,4,2,7500000,3,0,0,0,0,1,0,0,1,1,0,0,1.5,1,2005,18
15,40.730646,-73.986614,1.4795,2.2521,2.2521,2.2521,6,2,4000000,1,1,0,0,0,0,1,0,0,0,0,0,1.0,0,2007,16
501,42.350749,-83.44458900000002,7.8877,10.6658,0.4137,0.4137,2,3,42700000,1,0,0,0,0,1,1,0,0,1,0,0,3.6667,1,2001,22
896,40.650104,-73.94958199999998,2.6411,2.6411,4.0959,4.926,6,1,10000000,2,0,1,0,0,0,1,0,0,0,0,0,6.0,1,2009,14
680,39.78373,-100.445882,1.4247,4.5397,0.0,0.0,0,3,18700000,0,1,0,0,0,0,1,0,1,0,0,0,2.0,1,2006,17
552,37.780883,-122.395257,0.4137,0.4137,6.8329,8.874,9,1,100000,3,1,0,0,0,0,0,1,0,0,0,0,1.0,1,2005,18
1034,37.779624,-122.391236,0.8356,5.7534,4.9781,7.0301,13,5,24750000,3,1,0,0,0,0,1,1,1,1,0,0,2.4,1,2003,20
267,36.9397206,-121.7768449,1.2137,3.0082,0.0,0.0,4,2,7000000,0,1,0,0,0,0,0,0,1,0,0,0,2.0,0,2006,17
1063,37.764169,-122.402021,0.4986,3.4247,1.9863,5.9616,14,3,13100000,5,1,0,0,0,0,0,1,0,1,1,0,1.6667,1,2006,17
763,37.433646,-121.886704,4.0137,4.0137,0.0,0.0,0,1,7000000,0,1,0,0,0,0,0,0,0,0,1,0,1.0,0,2003,20
719,37.386778,-121.966277,0.4137,2.474,3.0,3.0,19,3,31500000,1,1,0,0,0,0,0,0,1,1,1,0,3.3333,1,2009,14
175,37.391642,-122.09393500000002,2.2466,5.0356,0.0,0.0,2,2,9500000,0,1,0,0,0,0,1,0,0,1,0,0,3.0,1,2005,18
108,39.952399,-75.16359,1.811,2.4548,0.7479,0.7479,2,2,1175000,1,0,0,0,0,1,1,0,0,0,0,0,1.0,0,2010,13
20,37.7870923,-122.3999719,0.6795,0.6795,2.9178,4.2274,15,1,4000000,3,1,0,0,0,0,0,0,1,0,0,0,3.0,1,2008,15
311,37.4233698,-122.09868590000002,0.8027,0.8027,5.3151,5.3151,4,1,1200000,1,1,0,0,0,0,0,0,1,0,0,0,1.0,0,2005,18
448,42.447318,-71.2245,2.0658,9.3836,7.0055,7.0055,13,5,39000000,1,0,0,1,0,0,0,0,0,1,1,1,3.25,1,2003,20
302,37.293687,-121.934573,1.9671,3.1945,2.2493,2.2493,5,2,12800000,1,1,0,0,0,0,0,0,1,1,0,0,2.5,1,2004,19
1060,37.779281,-122.419236,0.7123,2.2849,1.9507,2.2822,5,2,5200000,2,1,0,0,0,0,1,0,1,0,0,0,1.0,1,2010,13
569,37.512318,-122.20091399999998,2.9288,4.6329,0.0,0.0,13,2,15200000,0,1,0,0,0,0,0,0,1,1,0,0,2.0,1,2004,19
1003,37.779281,-122.419236,1.2877,3.8521,1.3945,4.2356,11,2,9356180,4,1,0,0,0,0,0,0,1,1,0,0,1.5,1,2009,14
562,37.791137,-122.391843,0.6192,1.5945,1.0,4.3315,8,2,14600000,3,1,0,0,0,0,0,0,1,1,0,0,2.0,1,2007,16
460,37.2496346,-121.9665932,1.6219,5.3315,-3.7507,-3.7507,5,2,10000000,1,1,0,0,0,0,1,0,1,0,0,0,3.0,1,2001,22
270,38.92719,-77.21696899999998,1.0849,5.8192,6.3507,9.4411,14,4,42000000,4,0,0,0,0,1,0,0,1,1,1,0,2.3333,1,2004,19
1023,37.779281,-122.419236,4.2849,4.2849,2.4164,5.5151,7,1,400000,2,1,0,0,0,0,0,1,0,0,0,0,3.0,1,2008,15
882,38.279431,-122.668452,2.3068,9.4247,4.4986,11.4164,12,7,98170000,3,1,0,0,0,0,1,0,0,1,1,1,5.2,1,2001,22
209,40.730646,-73.986614,0.4904,0.4904,1.1808,1.1808,6,1,240000,1,0,1,0,0,0,0,1,0,0,0,0,2.0,1,2008,15
837,33.068275,-96.711101,2.189,2.189,0.0,0.0,32,1,9000000,0,0,0,0,1,0,0,0,0,1,0,0,4.0,1,2004,19
649,42.485093,-71.43284,3.0521,9.4767,1.0,1.0,4,5,33000000,1,0,0,1,0,0,1,0,0,1,1,1,2.0,1,2001,22
1115,40.063476,-75.457492,1.8384,8.3397,5.674,13.5562,4,2,4900000,5,0,0,0,0,1,0,1,0,1,0,0,1.5,1,2000,23
922,37.441537,-122.158332,5.6548,5.6548,0.0,0.0,0,1,2500000,0,1,0,0,0,0,1,0,0,0,0,0,2.0,1,2000,23
697,37.779281,-122.419236,2.3342,6.9671,4.0027,8.3014,11,3,68200000,3,1,0,0,0,0,1,1,0,0,0,0,4.0,1,2001,22
1035,37.563585,-122.324621,-0.2493,2.1644,1.411,6.537000000000001,42,4,46800000,6,1,0,0,0,0,0,0,1,1,1,0,2.5,1,2006,17
74,37.391642,-122.09393500000002,0.6767,1.9178,4.9781,6.6548,13,2,14300000,3,1,0,0,0,0,0,0,1,1,0,0,4.5,1,2005,18
742,29.758938,-95.367697,4.2795,4.2795,0.0,0.0,4,1,9000000,0,0,0,0,1,0,0,0,0,0,0,1,2.0,1,2003,20
279,37.09024,-95.712891,1.1671,4.6658,0.0,0.0,1,3,15564591,0,0,0,0,0,1,1,0,0,1,1,0,3.5,1,2005,18
780,32.960431,-96.83026,6.9699,6.9699,0.0849,11.9699,6,1,5000000,2,0,0,0,1,0,0,0,0,0,1,0,5.0,1,2001,22
695,37.45604,-122.165399,0.411,0.411,0.0,2.5342,10,1,6100000,2,1,0,0,0,0,0,0,0,1,0,0,4.0,1,2006,17
541,34.043948,-118.468204,1.1288,1.1288,1.0,2.6767,7,1,5000000,2,1,0,0,0,0,0,0,1,0,0,0,1.0,1,2006,17
1041,37.424298,-122.139809,1.3288,2.063,3.2493,3.7836,11,2,13000000,2,1,0,0,0,0,0,0,1,1,0,0,3.0,1,2010,13
384,32.958634,-96.823641,5.4658,8.9534,8.8384,8.9534,4,3,19000000,2,0,0,0,1,0,1,0,0,1,1,0,5.3333,1,2002,21
604,32.960431,-96.83026,0.1068,4.7342,0.0,0.0,0,4,19550000,0,0,0,0,1,0,1,0,1,0,0,0,1.0,1,2006,17
211,32.959908,-96.70737,0.2384,3.7644,2.4192,3.8795,10,4,33000000,3,0,0,0,1,0,0,0,1,1,1,0,4.0,1,2006,17
832,32.997114,-96.676137,5.6110000000000015,6.474,4.0027,4.0027,3,2,30920000,1,0,0,0,1,0,1,0,0,0,0,0,3.5,1,2000,23
717,37.288136,-121.79765,0.7671,0.7671,0.0,0.0,1,1,50000,1,1,0,0,0,0,0,1,0,0,0,0,1.0,0,2009,14
146,37.417002,-122.07871000000002,2.5644,3.389,8.1452,8.1452,7,2,11000000,1,1,0,0,0,0,1,0,0,1,0,0,1.5,1,2003,20
880,30.280148,-97.749908,-0.1041,6.3644,5.4822,6.7699,13,5,23500000,3,0,0,0,1,0,1,0,1,1,1,0,1.75,1,2007,16
641,44.950404,-93.101503,3.9205,6.7342,0.0,0.0,3,3,44000000,0,0,0,0,0,1,1,0,0,1,1,0,2.3333,1,2006,17
201,35.966068,-115.118671,5.3644,7.9781,5.2521,5.2521,5,3,37891054,1,1,0,0,0,0,1,0,0,1,1,0,3.0,1,2003,20
609,40.730646,-73.986614,0.3315,4.0027,2.3644,3.6685,8,4,1449998,3,0,1,0,0,0,1,1,0,0,0,0,1.0,1,2008,15
16,42.712207,-73.203599,3.5863,11.1123,8.0055,9.9945,13,3,9650000,4,0,0,1,0,0,1,0,1,0,0,1,4.0,1,2002,21
1097,37.779281,-122.419236,0.1151,1.3397,1.8329,2.6712,24,2,8950000,2,1,0,0,0,0,0,0,1,0,0,0,7.0,1,2010,13
271,37.237937,-121.974591,3.4301,4.2548,6.0055,6.4219,13,2,28000000,2,0,0,1,0,0,0,0,0,1,1,0,2.0,1,2004,19
1142,37.2624049,-121.95770520000002,6.937,9.1589,6.0055,6.0055,6,3,13000000,1,1,0,0,0,0,0,0,0,0,0,1,3.0,1,2000,23
331,37.441537,-122.158332,5.6685,8.5014,6.7534,8.0932,4,3,1400000,2,1,0,0,0,0,0,1,0,0,0,0,1.0,0,2002,21
81,37.78811500000001,-122.397141,0.8932,0.8932,0.8329,4.2137,8,1,1300000,4,1,0,0,0,0,0,1,0,0,0,0,4.0,1,2007,16
739,42.479262,-71.152277,2.4164,4.7753,4.0027,4.0027,2,2,15000000,1,0,0,1,0,0,0,0,1,1,0,0,2.5,1,2003,20
177,37.426316,-122.141082,5.4904,5.4904,0.0,0.0,1,1,3170000,1,1,0,0,0,0,0,0,1,0,0,0,2.0,0,2002,21
247,37.402802,-122.117418,0.0411,2.1288,1.7562,4.874,9,3,5600000,4,0,1,0,0,0,0,0,1,1,0,0,2.0,1,2007,16
631,30.271129,-97.743699,0.4301,0.4301,2.0027,2.0027,6,1,13000000,1,0,0,0,1,0,0,0,1,0,0,0,4.0,1,2007,16
472,37.3777985,-121.9744545,4.2356,9.3616,5.0055,5.0055,16,2,51000000,1,1,0,0,0,0,0,0,0,0,1,0,3.5,1,2004,19
29,33.426418,-111.9396,0.7534,0.7534,3.1699,4.6247,13,1,1000000,2,0,0,0,0,1,0,0,1,0,0,0,3.0,1,2007,16
718,37.320309,-122.05004,2.0027,2.0027,3.6603,4.0795,12,1,11000000,2,1,0,0,0,0,0,0,0,1,0,0,3.0,1,2008,15
513,39.616435,-104.879925,6.263,6.263,1.0,1.0,2,1,10000000,1,0,0,0,0,1,1,0,0,0,0,0,1.0,0,2001,22
471,40.73901,-73.997259,1.5616,3.1562,3.0,3.4959,8,2,21750000,2,0,1,0,0,0,1,0,0,1,0,0,2.0,1,2005,18
1032,37.465645,-121.932202,-0.2466,-0.2466,-0.4082,7.4548,9,1,4000000,4,1,0,0,0,0,0,0,1,0,0,0,1.0,0,2006,17
66,37.445667,-122.166911,0.4192,3.4192,3.6027,4.8521,19,4,14100000,4,1,0,0,0,0,0,1,1,1,0,0,2.25,1,2008,15
987,37.558245,-122.302654,1.4247,1.4247,1.0,1.0,7,1,6000000,1,1,0,0,0,0,0,0,0,1,0,0,2.0,1,2007,16
754,37.551882,-122.313472,9.7315,9.7315,6.0027,6.0027,2,1,8000000,1,1,0,0,0,0,1,0,0,0,0,0,3.0,1,1998,25
826,40.233844,-111.658534,-0.0192,0.8959,1.063,1.063,4,2,72000,1,0,0,0,0,1,0,1,0,0,0,0,1.0,0,2009,14
658,42.493447,-71.514104,0.0,2.7507,3.3315,5.2438,9,2,20000000,2,0,0,1,0,0,0,0,1,1,0,0,1.0,1,2006,17
576,37.386778,-121.966277,3.7096,8.9562,4.0027,4.0027,7,4,25305000,1,1,0,0,0,0,1,0,1,1,1,0,2.0,1,2002,21
1043,37.775196,-122.419204,0.6658,2.0795,3.0301,4.2877,23,3,10000000,3,1,0,0,0,0,0,1,1,1,0,0,2.6667,1,2007,16
415,39.952399,-75.16359,0.0658,4.3863,0.0,0.0,15,4,69900000,0,0,0,0,0,1,0,1,1,0,1,1,4.75,1,2005,18
663,47.603832,-122.330062,1.3096,1.3096,1.3096,2.8822,11,1,200000,3,0,0,0,0,1,1,0,0,0,0,0,1.0,0,2009,14
1100,40.757929,-73.985506,0.2466,2.5589,2.0027,4.7781,11,3,12800000,2,0,1,0,0,0,0,1,1,1,0,0,1.5,1,2007,16
584,37.441537,-122.158332,1.1644,4.7973,2.326,6.9041,18,3,67000000,5,1,0,0,0,0,0,0,1,1,1,0,2.6667,1,2007,16
341,40.738567,-73.987199,0.1671,3.9178,0.0,2.9178,8,2,14700000,2,0,1,0,0,0,0,1,1,0,0,0,4.0,1,2007,16
316,41.85361500000001,-72.70375,2.8356,3.1397,3.3781,3.7753,0,2,125000000,2,0,0,0,0,1,0,0,1,1,0,0,2.0,1,2006,17
955,37.782101,-122.389519,2.0027,3.0466,3.5836,5.4767,9,2,6000000,2,1,0,0,0,0,0,0,1,1,0,0,2.5,1,2006,17
1146,37.396312,-121.961396,1.337,4.3041,2.0822,5.8356,12,4,46300000,4,1,0,0,0,0,1,0,1,1,1,0,4.25,1,2006,17
711,37.779281,-122.419236,-0.0822,1.2301,0.3151,1.2986,4,2,1400000,2,1,0,0,0,0,0,1,0,0,0,0,3.0,0,2009,14
488,40.707645,-74.010816,-0.8658,6.1233,5.0027,5.0027,5,4,11400000,1,0,1,0,0,0,1,0,0,1,0,0,3.0,1,2006,17
351,42.276316,-71.419229,5.6384,5.6384,4.2493,4.2493,3,1,10500000,1,0,0,1,0,0,0,0,0,0,0,1,4.0,1,2002,21
260,37.431091,-122.099263,5.3452,7.2274,0.0,0.0,2,4,13045000,0,1,0,0,0,0,0,0,1,1,0,0,2.0,1,2003,20
53,40.729839,-73.991781,1.0822,2.8548,1.611,4.5096,9,2,5686383,3,0,1,0,0,0,0,0,1,0,0,0,2.0,0,2009,14
386,37.536402,-122.325129,0.1753,3.8795,2.0,4.474,12,3,20750000,2,1,0,0,0,0,1,0,1,1,0,0,2.3333,1,2006,17
769,42.504817,-71.195611,1.3288,5.6712,2.4959,5.6712,4,3,12000000,2,0,0,1,0,0,1,0,1,1,0,0,2.6667,1,2005,18
635,32.877656,-117.210595,0.2164,4.8438,0.2164,6.2466,22,5,70000000,5,1,0,0,0,0,1,0,1,1,1,0,4.2,1,2007,16
344,37.406914,-122.09037,2.0027,6.2274,4.0027,10.7616,8,3,64080000,2,1,0,0,0,0,0,0,1,1,1,0,4.0,1,2003,20
702,37.779281,-122.419236,5.8438,6.9452,5.9205,6.3808,6,2,13000000,2,1,0,0,0,0,1,0,0,0,1,0,2.0,1,2004,19
963,47.603832,-122.330062,0.8329,0.8329,0.6658,0.6658,3,1,12000,1,0,0,0,0,1,0,1,0,0,0,0,1.0,1,2010,13
884,37.4049731,-122.0323525,4.6658,4.6658,8.7425,10.2247,25,1,6000000,4,1,0,0,0,0,0,0,0,0,1,0,3.0,1,2002,21
1048,45.520247,-122.674195,2.6959,2.6959,3.2192,4.0027,5,1,1300000,2,0,0,0,0,1,0,0,1,0,0,0,1.0,0,2009,14
178,47.676378,-122.122155,5.4329,9.4959,0.0,0.0,13,3,14000000,0,0,0,0,0,1,0,0,1,1,0,0,3.0,1,2000,23
61,38.916336,-77.230488,0.5836,4.4301,1.2521,2.1452,5,4,7516703,3,0,0,0,0,1,1,1,0,0,0,0,1.0,0,2008,15
708,37.424298,-122.139809,1.337,1.337,1.3479,1.3479,3,1,2000000,1,1,0,0,0,0,0,0,1,0,0,0,2.0,1,2008,15
113,37.782103,-122.401116,1.3151,1.3151,6.4658,8.8411,30,1,15000000,3,1,0,0,0,0,0,0,1,0,0,0,1.0,1,2005,18
679,33.570171,-117.710676,1.1781,2.7151,2.5178,3.6685,21,3,45039999,3,1,0,0,0,0,0,0,1,1,1,0,3.6667,1,2008,15
367,30.2734822,-97.7588828,1.1699,3.8932,2.3014,3.4301,8,5,5350000,3,0,0,0,1,0,0,1,1,0,0,0,3.0,1,2009,14
646,47.603832,-122.330062,2.4767,4.3836,3.3945,4.9863,10,3,5056559,2,0,0,0,0,1,1,0,1,0,0,0,1.6667,1,2006,17
366,37.4484914,-122.1802812,0.4438,0.4438,0.8192,0.8192,2,1,1200000,1,1,0,0,0,0,1,0,0,0,0,0,2.0,1,2009,14
25,37.590339,-122.341715,4.5918,7.1726,-0.4986,12.6795,7,4,25000000,3,1,0,0,0,0,0,0,1,1,1,1,3.5,1,2000,23
611,40.650104,-73.94958199999998,0.8986,0.8986,0.4137,1.6329,12,1,1420000,3,0,1,0,0,0,0,0,1,0,0,0,16.0,1,2009,14
1047,37.779281,-122.419236,1.2493,1.8849,2.2521,3.2219,4,2,1020000,2,1,0,0,0,0,0,1,1,0,0,0,2.5,1,2009,14
1105,40.0708709,-75.302716,3.6329,3.6329,1.1479,3.7781,4,1,75000000,4,0,0,0,0,1,1,0,0,0,0,0,1.0,0,2010,13
327,37.55818,-122.276454,4.1644,4.1644,5.5836,11.3918,5,2,24700000,5,1,0,0,0,0,0,0,1,1,0,0,4.0,1,2002,21
404,40.728425,-73.999882,0.8329,7.2521,8.0055,8.4,23,7,27300000,4,0,1,0,0,0,0,1,1,1,1,1,2.0,1,2005,18
493,37.419819,-122.09018799999998,1.0027,1.0027,1.1644,3.5699,2,1,5000000,2,1,0,0,0,0,0,0,1,0,0,0,3.0,0,2004,19
27,45.520247,-122.674195,0.5397,1.5014,-14.1699,2.2082,6,2,1975000,2,0,0,0,0,1,1,1,0,0,0,0,3.0,0,2011,12
50,32.897274,-117.201076,4.7589,6.2247,3.6685,6.2247,2,2,17000000,2,1,0,0,0,0,0,0,1,1,0,0,3.5,1,2004,19
403,37.560781,-122.284114,3.2082,3.2082,5.2548,7.8822,11,1,10000000,2,1,0,0,0,0,0,0,0,0,0,1,2.0,1,2002,21
303,39.951311,-75.169522,0.8301,2.8329,1.0877,3.337,17,3,5000000,4,0,0,0,0,1,0,1,1,0,0,0,1.6667,1,2007,16
775,47.682233,-122.135521,2.4192,3.0904,-0.1616,3.9699,3,2,1310000,4,0,0,0,0,1,0,1,0,0,0,0,1.0,0,2005,18
346,33.615663399999995,-111.8931647,4.0877,4.0877,4.6685,5.1863,13,1,1000000,2,1,0,0,0,0,0,1,0,0,0,0,5.0,1,2008,15
642,30.2653441,-97.7435857,2.5068,4.5315,4.9315,5.6767,37,5,299500000,2,0,0,0,1,0,1,0,1,0,1,0,1.75,1,2007,16
789,42.354023,-71.05809599999998,0.9151,1.6356,4.8521,6.0904,7,2,500000,2,0,0,1,0,0,0,1,1,0,0,0,2.0,0,2007,16
942,40.730646,-73.986614,0.8904,0.8904,1.3288,2.526,15,1,4000000,2,0,1,0,0,0,0,0,1,0,0,0,3.0,1,2010,13
587,33.97279,-118.427578,4.6685,9.1178,9.7534,12.8027,33,3,37000000,4,1,0,0,0,0,0,0,1,1,1,0,1.3333,1,2001,22
99,32.9388917,-117.2398594,0.0,5.3014,5.0027,5.0027,17,4,34700000,1,1,0,0,0,0,1,0,1,1,0,0,2.25,1,2005,18
1071,34.102827000000005,-118.32999,0.8329,0.8329,-0.1671,1.189,5,1,154000,2,1,0,0,0,0,0,1,0,0,0,0,1.0,0,2010,13
1031,37.441537,-122.158332,0.0,0.6411,1.5836,3.0685,11,2,41000000,2,1,0,0,0,0,0,0,1,1,0,0,1.5,1,2010,13
784,37.779281,-122.419236,3.4411,3.4411,4.0027,5.7178,6,1,6000000,2,1,0,0,0,0,0,0,1,0,0,0,2.0,1,2007,16
34,32.969251,-96.823778,3.6685,5.5589,0.0,0.0,0,3,9100000,0,0,0,0,1,0,1,0,0,1,1,0,1.0,0,2003,20
734,37.779281,-122.419236,0.7918,4.3205,3.9753,3.9753,5,3,25500000,1,1,0,0,0,0,0,0,1,1,0,0,2.6667,1,2008,15
216,40.728425,-73.999882,0.6192,1.5863,0.0,0.0,2,2,890000,0,0,1,0,0,0,0,1,0,0,0,0,3.0,1,2011,12
664,35.996653,-78.90180500000002,5.4384,6.4192,6.0055,6.0055,26,2,36000000,1,0,0,0,0,1,1,0,0,0,0,1,3.5,1,2000,23
226,37.779281,-122.419236,0.5863,0.5863,1.0493,1.0493,8,1,2600000,1,1,0,0,0,0,0,0,1,0,0,0,2.0,0,2012,11
838,37.32052,-121.948399,1.0877,1.0877,5.0959,7.3863,15,1,11500000,2,1,0,0,0,0,0,0,1,0,0,0,2.0,1,2004,19
174,34.049767,-118.459387,0.0,6.9671,6.4247,7.3562,19,5,74000000,2,1,0,0,0,0,0,1,1,1,1,1,1.75,1,2006,17
3,40.775309,-73.98365600000002,0.0192,1.5699,2.4849,4.8712,12,3,1310000,2,0,1,0,0,0,0,1,0,0,0,0,6.0,1,2008,15
228,43.090756,-89.522805,5.1315,5.1315,3.1616,8.5123,6,1,2000000,2,0,0,0,0,1,0,0,1,0,0,0,2.0,0,2004,19
845,32.901049,-117.192656,4.2192,4.2192,0.0,0.0,0,1,1000000,0,1,0,0,0,0,1,0,0,0,0,0,2.0,0,2002,21
890,37.534538,-122.252466,3.6027,3.6027,3.0027,3.0027,2,1,10000000,1,1,0,0,0,0,0,0,0,0,1,0,4.0,1,2002,21
850,37.626166,-122.411025,1.0932,1.0932,1.6137,2.1671,6,1,10000000,2,1,0,0,0,0,0,0,1,0,0,0,7.0,1,2009,14
929,37.384756,-122.087712,0.0,2.5397,3.7699,5.9233,9,3,2515000,3,1,0,0,0,0,1,1,1,0,0,0,1.6667,1,2007,16
516,38.919954,-77.21249300000002,2.6822,6.4164,2.8411,7.2356,11,3,23500000,2,0,0,0,0,1,1,0,0,1,1,0,3.6667,1,2003,20
183,37.382376,-122.037607,2.2986,3.2110000000000003,3.5945,4.5753,4,2,12000000,3,1,0,0,0,0,0,0,0,1,1,0,2.0,1,2005,18
669,37.755068,-122.418026,0.0,0.0,-1.8027,-0.0959,21,1,5675000,2,1,0,0,0,0,1,0,0,0,0,0,4.0,1,2013,10
528,33.916552,-118.397491,0.0,2.3479,0.0,5.1616,7,3,22487000,2,1,0,0,0,0,1,0,0,1,1,0,2.3333,1,2006,17
670,37.314002,-121.932365,2.3507,8.2822,1.0027,8.2849,16,4,38064570,2,1,0,0,0,0,1,0,0,1,1,1,3.0,1,2004,19
128,40.74731129999999,-73.95491820000002,3.8849,5.863,2.8356,6.1123,9,2,6700000,4,0,1,0,0,0,1,0,0,0,0,0,8.0,1,2007,16
483,35.76524000000001,-78.731161,2.5671,5.6904,2.0027,2.0027,3,3,22400000,1,0,0,0,0,1,1,0,0,1,1,0,3.6667,1,2003,20
369,30.2350399,-97.80012990000002,2.2137,3.7863,4.0877,9.4986,8,2,4355000,3,0,0,0,1,0,0,1,1,0,0,0,1.5,0,2001,22
251,41.878984,-87.637,1.6986,6.5151,3.2849,4.9315,3,5,10764323,3,0,0,0,0,1,1,0,1,0,0,0,2.0,1,2006,17
981,37.627971,-122.426804,0.7479,1.1616,2.4,8.8384,63,2,11500000,6,1,0,0,0,0,0,0,1,1,0,0,1.0,1,2005,18
628,34.748528,-92.287158,9.7534,9.7534,9.7534,9.7534,1,1,50000,1,0,0,0,0,1,1,0,0,0,0,0,1.0,0,1997,26
139,42.99564,-71.454789,0.0,0.5836,0.5836,0.5945,9,2,125000,2,0,0,0,0,1,0,1,0,0,0,0,1.0,0,2011,12
1,42.368633,-71.075305,0.1616,7.5041,7.0521,8.6192,45,7,121500000,3,0,0,1,0,0,1,0,1,1,1,1,4.5,1,2005,18
618,37.779281,-122.419236,0.1452,0.5014,0.4959,3.011,10,2,2565000,3,1,0,0,0,0,0,1,1,0,0,0,3.5,1,2009,14
385,37.393536,-122.076747,1.7781,2.3863,2.3123,4.6301,37,2,76000000,3,1,0,0,0,0,0,0,1,0,0,0,4.0,1,2008,15
400,39.5604863,-104.8656251,10.3644,10.3644,5.8384,5.8384,4,1,21000000,1,0,0,0,0,1,1,0,0,0,0,0,5.0,1,1999,24
1084,42.296111,-71.238524,0.411,3.9699,4.2521,5.7671,13,4,24500000,4,0,0,1,0,0,0,0,1,1,1,0,2.5,1,2006,17
137,40.70276,-73.98666800000002,0.0192,2.4356,0.7945,4.3781,15,3,9950000,3,0,1,0,0,0,0,0,1,1,1,0,2.3333,1,2007,16
206,37.783171,-122.392901,0.7479,2.3315,2.0,2.0,6,2,15000000,1,1,0,0,0,0,0,0,1,1,0,0,3.0,1,2005,18
294,37.441537,-122.158332,1.926,1.926,1.6685,2.4658,1,1,12000000,2,1,0,0,0,0,1,0,0,0,0,0,2.0,1,2011,12
150,37.779281,-122.419236,1.2164,1.2164,1.4164,2.6822,6,1,5500000,2,1,0,0,0,0,0,0,1,0,0,0,8.0,1,2011,12
703,40.349274,-74.659296,2.0466,2.0466,0.0,0.0,2,1,12000000,0,0,0,0,0,1,0,0,1,0,0,0,6.0,1,2008,15
858,40.730646,-73.986614,0.7425,1.5808,1.2849,3.0027,10,3,4575000,3,0,1,0,0,0,0,1,1,0,0,0,5.0,1,2010,13
590,37.553743,-122.300246,2.6658,2.6658,0.0,0.0,6,1,5500000,0,1,0,0,0,0,0,0,1,0,0,0,1.0,1,2004,19
515,37.797435,-122.403175,1.0164,7.1534,5.6959,8.1781,10,4,13075000,2,1,0,0,0,0,0,0,1,1,0,0,4.0,1,2005,18
530,37.386665,-122.084171,0.0,2.8356,2.9205,4.3096,7,5,43600000,3,1,0,0,0,0,0,0,1,1,1,1,3.0,1,2005,18
28,37.782809,-122.394354,1.0,6.4548,6.5342,7.0055,28,4,108900000,2,1,0,0,0,0,0,0,1,1,1,0,7.5,1,2006,17
1067,40.728425,-73.999882,0.2082,1.0849,0.1616,2.6521,3,4,4200000,3,0,1,0,0,0,0,1,1,0,0,0,3.0,1,2011,12
2,40.745064,-73.992637,0.0822,1.8164,1.0849,2.3014,7,3,4000000,2,0,1,0,0,0,0,1,1,0,0,0,2.0,1,2011,12
990,37.779281,-122.419236,-0.0027,-0.0027,0.0356,0.0356,2,1,500000,1,1,0,0,0,0,0,1,0,0,0,0,1.0,0,2010,13
356,40.730646,-73.986614,4.0384,4.0384,6.0027,6.0027,10,1,20000000,1,0,1,0,0,0,0,0,1,0,0,0,1.0,0,2005,18
549,37.393679,-122.079017,5.1041,8.6411,5.6712,6.8986,10,3,10000000,2,1,0,0,0,0,1,0,0,1,0,0,1.6667,0,2002,21
820,40.730646,-73.986614,5.7534,5.7534,8.0055,9.8356,4,1,1000000,2,0,1,0,0,0,0,0,1,0,0,0,3.0,1,2002,21
238,37.404044,-121.978956,5.4658,7.2822,10.5918,10.5918,5,3,27000000,1,1,0,0,0,0,0,0,0,0,0,1,6.0,1,2000,23
913,40.7394115,-73.9895748,1.8822,1.8822,1.6603,3.0247,5,1,1000000,3,0,1,0,0,0,0,0,1,0,0,0,7.0,1,2009,14
65,33.756806,-84.392198,0.0,4.8027,3.7205,7.6164,26,4,33000000,5,0,0,0,0,1,0,0,1,1,1,0,3.0,1,2006,17
694,40.730646,-73.986614,0.6685,1.926,0.0,0.0,2,2,10800000,1,0,1,0,0,0,1,0,1,0,0,0,2.0,1,2006,17
411,37.4305755,-122.0971389,4.2384,6.5753,7.0027,7.0027,10,2,30500000,1,1,0,0,0,0,0,0,0,0,0,1,4.5,1,2001,22
162,39.74627279999999,-104.9911572,4.6658,8.9973,8.8384,8.8384,12,5,10700000,1,0,0,0,0,1,0,0,1,1,0,0,2.5,1,2001,22
373,34.1411985,-118.7040908,5.3562,10.2082,8.0055,8.0055,2,4,81017493,1,1,0,0,0,0,1,0,0,0,1,1,5.6667,1,2000,23
107,42.055849,-87.694664,2.5534,6.3945,6.6356,6.6356,15,2,12800000,1,0,0,0,0,1,0,0,1,1,0,0,2.0,1,2005,18
857,37.779281,-122.419236,-0.3288,0.337,0.4082,0.8712,5,2,1015000,2,1,0,0,0,0,0,1,0,0,0,0,5.0,1,2010,13
638,40.418851,-79.904163,3.5041,5.4438,0.0,0.0,3,2,3508462,0,0,0,0,0,1,1,0,1,0,0,0,3.0,1,2006,17
459,37.863464,-122.3153453,0.7507,3.0137,0.0,0.0,3,3,54000000,0,1,0,0,0,0,1,0,0,0,1,0,2.6667,1,2007,16
1033,35.79181,-78.74123,0.8164,5.5616,4.5562,7.9863,8,4,32500000,3,0,0,0,0,1,0,0,1,1,1,1,2.75,1,2005,18
905,40.750519,-73.993494,0.8384,1.4055,1.6356,1.6356,4,2,18800000,1,0,1,0,0,0,0,0,1,1,0,0,2.5,1,2010,13
614,34.007967,-118.489681,1.0,2.1644,4.3644,5.3342,10,2,3500000,2,1,0,0,0,0,0,1,1,0,0,0,2.0,0,2007,16
933,37.573045,-122.2823,4.2219,4.2219,3.0,3.0,6,1,16000000,1,1,0,0,0,0,0,0,0,1,0,0,3.0,1,2001,22
334,37.775196,-122.419204,0.4192,3.674,0.8932,5.2767,24,3,16000000,4,1,0,0,0,0,0,0,1,1,1,0,5.6667,1,2007,16
1030,38.021489,-122.519998,4.8877,4.8877,3.2877,3.2877,8,1,10571182,1,1,0,0,0,0,0,0,1,0,0,0,1.0,0,2009,14
776,30.409765000000004,-97.75101,4.4521,7.2274,7.0055,7.0055,5,2,5992316,1,0,0,0,1,0,1,0,1,0,0,0,2.0,0,2003,20
4,38.703764,-90.443832,1.3973,1.3973,0.0,0.0,1,1,205000,0,0,0,0,0,1,0,1,0,0,0,0,1.0,0,2006,17
124,37.862592,-122.493561,2.2192,7.9315,1.6685,9.0904,7,3,40300000,5,1,0,0,0,0,1,0,0,1,1,0,4.0,1,2004,19
773,37.288326,-121.945633,1.1589,1.1589,-0.0658,2.9616,3,1,205000,3,1,0,0,0,0,0,1,0,0,0,0,7.0,1,2010,13
534,45.413842,-122.725662,4.4712,4.4712,6.7534,6.7534,6,1,13000000,1,0,0,0,0,1,0,0,0,0,0,1,4.0,1,2002,21
561,37.54827,-121.988572,2.3973,6.0329,0.0,0.0,1,4,21470000,0,1,0,0,0,0,0,0,1,1,0,0,3.5,1,2004,19
423,37.2615879,-121.9578487,1.4603,6.3918,6.4192,6.4192,4,3,58000000,1,1,0,0,0,0,0,0,1,1,1,0,5.0,1,2003,20
204,37.238916,-121.973718,5.126,9.9973,7.0055,7.0055,9,4,40100000,1,1,0,0,0,0,1,0,0,1,1,1,4.75,1,2000,23
1005,42.35888,-71.05682,2.2493,3.0027,4.6685,6.7041,3,3,375000,3,1,0,0,0,0,0,1,0,0,0,0,1.0,0,2007,16
425,37.451026,-122.18676,1.7479,2.7288,1.7479,6.1452,16,3,21500000,4,1,0,0,0,0,0,0,1,1,0,0,3.3333,1,2005,18
372,40.743662,-73.984268,-9.0466,-9.0466,-6.0466,-3.8822,6,1,100000,2,0,1,0,0,0,0,1,0,0,0,0,1.0,0,2013,10
750,42.345927,-71.55228699999998,2.2411,4.0301,0.0,0.0,3,2,16100000,0,0,0,1,0,0,0,0,0,1,1,0,2.5,1,2003,20
374,37.566123,-122.323045,0.7945,0.7945,2.0466,3.326,7,1,4000000,4,1,0,0,0,0,0,0,1,0,0,0,1.0,0,2005,18
424,39.78373,-100.445882,0.4,3.7589,3.0,3.0,15,4,122000000,1,1,0,0,0,0,0,0,1,1,1,1,2.5,1,2009,14
585,32.88945,-117.166929,-0.3342,0.2301,0.0,0.0,5,2,5000000,0,1,0,0,0,0,1,1,0,0,0,0,1.0,1,2008,15
197,34.050451,-118.437775,0.6658,0.6658,0.4192,0.4192,2,1,20000,1,1,0,0,0,0,0,1,0,0,0,0,1.0,0,2011,12
771,35.780398,-78.639099,21.8959,21.8959,24.6849,24.6849,1,1,8000000,1,0,0,0,0,1,1,0,0,0,0,0,2.0,0,1984,39
1125,42.3751,-71.105616,0.6822,1.3096,0.3288,2.5945,5,2,4600000,2,0,0,1,0,0,0,1,1,0,0,0,9.0,1,2011,12
31,37.7870842,-122.4038047,0.6712,6.2329,4.0493,7.5973,37,6,34700000,4,1,0,0,0,0,1,1,1,1,1,1,5.0,1,2006,17
870,37.779281,-122.419236,-0.4959,0.6301,0.589,3.011,8,2,2535000,2,1,0,0,0,0,0,1,1,0,0,0,5.0,1,2010,13
1134,37.780716,-122.39391299999998,0.0,1.2466,1.0,5.4384,4,2,3100000,4,1,0,0,0,0,0,1,1,0,0,0,2.0,1,2006,17
1130,47.59896810000001,-122.33290359999998,3.5808,3.5808,-1.0027,7.5918,3,1,4100000,3,0,0,0,0,1,1,0,0,0,0,0,1.0,1,2005,18
191,37.31679000000001,-122.05079,0.0,6.4986,0.337,10.0082,24,3,26914000,3,1,0,0,0,0,0,0,1,1,1,0,6.0,1,2000,23
9,41.916619,-87.686634,0.7699,2.8548,-0.4329,2.8521,3,2,1750000,2,0,0,0,0,1,1,1,0,0,0,0,1.0,1,2007,16
231,28.098905,-82.400087,0.0,0.2466,2.4164,5.3151,10,2,118000,3,0,0,0,0,1,0,1,0,0,0,0,1.5,1,2006,17
1093,40.729839,-73.991781,0.1671,0.5288,0.1671,2.4438,4,2,983000,2,0,1,0,0,0,0,1,0,0,0,0,6.0,1,2011,12
701,37.404788,-121.940842,5.7836,5.7836,2.0027,2.0027,1,1,10000000,1,1,0,0,0,0,1,0,0,0,0,0,3.0,1,2004,19
684,37.779281,-122.419236,0.0849,1.3342,0.0,0.0,6,2,500000,0,1,0,0,0,0,0,0,0,0,0,0,1.0,1,2008,15
1149,37.758062,-122.418642,2.7233,2.7233,0.9151,6.3096,5,1,600000,3,1,0,0,0,0,0,1,0,0,0,0,7.0,1,2007,16
45,37.7611016,-122.4160008,0.6685,0.6685,-0.9151,0.863,7,1,50000,2,1,0,0,0,0,0,1,0,0,0,0,3.0,0,2007,16
26,37.764395,-122.401024,-1.0,3.3151,3.6959,5.662999999999999,4,2,2300000,3,1,0,0,0,0,0,1,1,0,0,0,2.0,0,2008,15
1086,40.116421,-88.243383,1.9562,3.5123,3.4986,3.4986,1,2,2408500,1,0,0,0,0,1,0,1,0,0,0,0,3.0,1,2008,15
382,28.0385347,-82.5068513,3.6027,7.926,8.5945,9.1096,1,3,21460663,2,0,0,0,0,1,0,0,0,1,1,1,4.5,1,2002,21
577,34.062504,-118.354605,0.4932,0.4932,2.2411,2.2411,8,1,5000000,1,1,0,0,0,0,0,0,1,0,0,0,1.0,0,2005,18
566,37.7885714,-122.40359850000002,2.2164,2.2164,0.7479,3.4164,5,1,1000000,4,1,0,0,0,0,0,0,1,0,0,0,1.0,1,2006,17
125,37.406217,-121.976473,4.0027,7.8712,0.1616,0.1616,5,2,10000000,1,1,0,0,0,0,1,0,0,1,0,0,4.0,1,2002,21
194,37.381341,-121.977065,6.4356,9.0,10.0082,10.0082,10,3,32000000,1,1,0,0,0,0,0,0,0,0,0,1,3.0,1,2000,23
94,37.628328,-122.420814,1.8658,1.8658,0.0,1.863,2,1,2300000,2,1,0,0,0,0,0,0,1,0,0,0,2.0,1,2007,16
805,34.054935,-118.244476,1.0877,2.5616,4.0027,4.0027,7,2,9500000,1,1,0,0,0,0,0,0,1,1,0,0,2.5,1,2004,19
1017,42.358956,-71.054776,-3.5068,0.3945,-0.937,0.0849,5,3,11300000,2,0,0,1,0,0,1,0,0,1,1,0,1.0,1,2010,13
794,35.96544,-115.106579,1.5973,2.1781,0.0822,0.0822,2,2,2387481,1,0,0,0,0,1,1,0,0,0,0,0,1.0,1,2008,15
359,37.36883,-122.03635,3.4685,3.4685,2.0,2.0,3,1,30000000,1,1,0,0,0,0,0,0,0,1,0,0,4.0,1,2002,21
105,39.78373,-100.445882,1.4959,1.6658,0.0,7.5233,2,2,30150000,3,1,0,0,0,0,0,0,1,1,0,0,1.5,1,2006,17
897,34.048857,-118.251343,0.7014,2.126,2.4027,4.0548,10,3,5550000,4,1,0,0,0,0,0,0,1,1,0,0,3.0,1,2007,16
54,37.39873720000001,-122.0497918,0.3288,6.4192,1.1671,4.989,6,8,211403000,2,1,0,0,0,0,1,0,1,1,1,0,2.7143,1,2005,18
914,37.391642,-122.09393500000002,0.2466,1.0,1.1616,1.1616,3,5,185000,1,1,0,0,0,0,1,1,0,0,0,0,2.0,1,2010,13
1090,37.779281,-122.419236,10.5315,10.5315,0.0,0.0,0,1,2600000,0,1,0,0,0,0,1,0,0,0,0,0,1.0,1,2001,22
916,37.5068854,-122.2475729,0.337,5.2301,4.1726,5.7205,13,4,53000000,3,1,0,0,0,0,0,1,1,1,1,0,4.5,1,2005,18
531,38.241467,-85.72451099999998,4.9041,4.9041,0.0,0.0,0,1,350000,0,0,0,0,0,1,1,0,0,0,0,0,1.0,0,2004,19
85,37.420428,-122.090769,3.9342,4.6822,4.0027,4.0027,3,2,18250000,1,1,0,0,0,0,0,0,1,1,0,0,2.5,1,2002,21
976,33.831671,-118.315766,0.0,0.0,0.3342,3.2219,5,1,300000,4,1,0,0,0,0,0,1,0,0,0,0,2.0,0,2007,16
676,42.599814,-71.367284,1.5753,5.9589,4.4164,4.4164,6,5,25413298,1,0,0,1,0,0,1,0,1,1,0,0,3.0,1,2006,17
118,38.894955,-77.03664599999998,-0.5014,-0.5014,0.0,0.0,1,1,150000,0,0,0,0,0,1,0,1,0,0,0,0,1.0,0,2011,12
536,42.5656454,-71.3222696,5.5945,5.5945,0.0,0.0,3,1,26000000,0,0,0,1,0,0,1,0,0,0,0,0,2.0,1,2000,23
262,37.7915,-122.40045,1.0849,3.1342,5.9178,7.9342,16,2,4200000,2,1,0,0,0,0,0,0,1,1,0,0,1.5,1,2005,18
1044,45.520247,-122.674195,7.0027,7.0027,7.6712,7.6712,3,1,3000000,1,0,0,0,0,1,0,0,1,0,0,0,3.0,0,2001,22
960,37.626166,-122.411025,2.4822,4.8192,5.5863,11.9452,21,2,61500000,3,1,0,0,0,0,0,0,0,1,0,1,4.0,1,2000,23
91,37.336191,-121.890583,3.1644,3.1644,2.0027,2.0027,6,1,15000000,1,1,0,0,0,0,0,0,0,0,0,1,3.0,1,2003,20
289,47.6026054,-122.2848651,3.8329,3.8329,3.7507,3.7507,3,1,15000000,1,0,0,0,0,1,0,0,0,1,0,0,2.0,1,2004,19
940,47.603832,-122.330062,5.4247,5.4247,0.0,0.0,0,1,8700000,0,0,0,0,0,1,0,0,1,0,0,0,2.0,1,2000,23
13,40.730646,-73.986614,3.9616,6.5205,4.5781,7.6877,4,2,13250000,4,0,0,0,0,1,1,0,0,0,0,0,2.0,0,2006,17
281,47.6399006,-122.1914274,0.3342,5.4904,2.7507,5.589,14,5,19389998,2,0,0,0,0,1,1,0,1,1,1,0,1.5,1,2007,16
785,40.73901,-73.997259,2.6575,2.6575,0.0,0.0,1,1,4000000,1,0,1,0,0,0,0,0,0,1,0,0,1.0,1,2004,19
865,40.730646,-73.986614,1.7644,1.7644,0.0,3.0849,5,1,3750000,2,0,1,0,0,0,0,0,1,0,0,0,1.0,1,2008,15
440,37.502169,-122.217727,2.5041,7.2521,0.0,0.0,4,6,232000100,0,1,0,0,0,0,0,0,1,0,1,1,3.6667,1,2006,17
291,37.795191,-122.430411,1.2466,2.0849,2.4986,5.3233,4,2,3300000,3,1,0,0,0,0,0,1,1,0,0,0,2.0,1,2006,17
235,37.39628270000001,-122.105531,2.5863,6.7644,5.5014,5.5014,8,5,49000000,1,1,0,0,0,0,1,0,1,1,1,1,3.5,1,2003,20
190,37.477037,-122.15164,0.4192,2.2329,2.2329,4.337,8,2,35000000,2,1,0,0,0,0,0,0,1,1,0,0,2.5,1,2007,16
90,33.776834,-84.3895875,2.4493,2.4493,0.0,0.0,0,2,1000000,0,0,0,0,0,1,1,1,0,0,0,0,2.0,0,2006,17
115,37.775196,-122.419204,1.1616,3.0384,3.2658,5.5397,7,2,57000000,2,1,0,0,0,0,0,0,1,1,0,0,3.5,1,2005,18
495,40.730646,-73.986614,2.0027,2.0027,0.0,0.0,4,1,500000,0,0,1,0,0,0,0,1,0,0,0,0,5.0,0,2006,17
671,37.779281,-122.419236,1.5616,1.5616,1.2438,1.7726,6,1,750000,3,1,0,0,0,0,0,1,0,0,0,0,9.0,1,2009,14
110,42.7370219,-71.48729759999998,0.0,4.3945,3.1534,4.3945,5,7,24300000,2,0,0,0,0,1,1,1,1,1,0,0,2.0,1,2007,16
130,37.388869,-122.072353,0.0356,0.726,0.474,0.9205,4,2,70000,2,1,0,0,0,0,0,1,0,0,0,0,1.0,1,2012,11
579,38.969532,-77.385948,0.1616,2.1781,1.5096,2.1781,3,4,3350000,2,0,0,0,0,1,0,1,1,1,0,0,1.5,0,2009,14
928,37.09024,-95.712891,2.0027,3.9178,3.0027,5.2192,8,3,45000000,3,0,1,0,0,0,0,0,1,0,0,0,1.0,0,2004,19
1045,47.617838,-122.356027,6.0356,6.0356,10.4959,12.6137,19,1,8000000,4,0,0,0,0,1,1,0,0,0,0,0,1.0,1,2000,23
427,47.631239,-122.16806,0.2466,7.4164,3.9178,10.9233,9,5,58200000,3,0,0,0,0,1,0,0,1,1,1,1,1.4,1,2000,23
333,47.657943,-117.421226,1.6712,1.6712,0.0,0.0,3,1,350000,0,0,0,0,0,1,1,0,0,0,0,0,1.0,0,2007,16
491,37.388869,-122.072353,0.8822,0.8822,0.0,0.0,7,1,12000000,0,1,0,0,0,0,1,0,0,0,0,0,9.0,1,2013,10
1026,40.730646,-73.986614,0.7479,0.7479,0.0,0.0,3,2,100000,0,0,1,0,0,0,0,1,0,0,0,0,1.0,0,2010,13
481,37.396023,-122.03311,5.662999999999999,5.662999999999999,5.0027,5.0027,4,1,30000000,1,1,0,0,0,0,0,0,0,0,1,0,9.0,1,2002,21
644,30.387275,-97.759511,0.7425,0.7425,1.1671,3.9151,9,1,4000000,2,0,0,0,1,0,0,0,1,0,0,0,2.0,1,2006,17
48,42.3751,-71.105616,1.3315,2.9973,2.1616,5.9616,8,3,3500000,6,0,0,1,0,0,1,1,1,0,0,0,1.6667,1,2006,17
64,39.540323,-104.857271,4.8521,4.8521,6.5863,6.5863,5,1,4000000,1,0,0,0,0,1,0,0,0,0,0,0,5.0,1,2002,21
44,37.48657100000001,-122.229161,1.0685,1.0685,0.8384,3.9918,4,1,4300000,3,1,0,0,0,0,0,0,1,0,0,0,2.0,1,2007,16
259,40.477604,-74.626824,0.6767,0.789,0.0,0.0,2,2,125000,1,0,0,0,0,1,0,1,0,0,0,0,1.0,0,2012,11
677,37.779281,-122.419236,1.4137,4.2795,1.3288,5.1836,5,2,889999,2,1,0,0,0,0,1,1,0,0,0,0,3.5,1,2006,17
121,39.78373,-100.445882,1.0356,1.0356,0.0,1.0356,2,1,1000000,2,0,0,0,0,1,0,1,0,0,0,0,1.0,0,2011,12
745,37.78227879999999,-122.392978,0.7534,3.0712,3.9178,4.5041,16,3,2000000,2,1,0,0,0,0,0,1,0,0,0,0,3.6667,1,2009,14
947,39.78373,-100.445882,2.9342,5.5342,3.9178,6.1973,6,2,9600000,2,0,0,0,0,1,0,0,1,0,0,0,3.0,1,2007,16
849,42.360253,-71.058291,2.0849,4.0192,2.5041,2.5041,5,5,1178000,1,0,0,1,0,0,0,1,0,0,0,0,5.0,1,2008,15
1075,42.961748,-78.870914,0.1288,0.274,0.3068,0.3068,5,2,11000,1,0,1,0,0,0,0,1,0,0,0,0,1.0,0,2011,12
1148,37.502742,-122.211281,1.2521,1.874,4.7178,5.0959,13,3,2600000,2,1,0,0,0,0,0,1,1,0,0,0,3.6667,1,2006,17
477,37.5568425,-122.2884881,2.5342,2.5342,-1.2521,4.0493,3,1,7800000,2,1,0,0,0,0,1,0,0,0,0,0,2.0,1,2007,16
559,37.674559,-122.385658,3.7863,5.5123,0.0,0.0,11,2,83000000,0,1,0,0,0,0,1,0,0,0,0,0,1.0,0,2002,21
159,35.149021999999995,-90.05162800000002,0.0,0.0,0.0,0.0,2,1,15000,1,0,0,0,0,1,0,1,0,0,0,0,1.0,0,2012,11
903,37.316653,-122.05074,3.4767,3.4767,3.6849,5.6274,8,1,11370000,3,1,0,0,0,0,0,0,1,0,0,0,2.0,1,2005,18
426,34.142973,-118.140553,1.4411,6.6795,2.0,2.0,7,4,5965000,1,1,0,0,0,0,1,0,1,0,0,0,1.0,0,2006,17
310,34.154942600000005,-118.6545471,7.5123,9.9479,0.4164,0.4164,3,5,51450000,1,1,0,0,0,0,1,0,0,0,0,1,5.6667,1,2000,23
263,42.2960173,-71.2128734,4.0027,4.0055,4.0027,4.0027,2,2,14000000,1,0,0,1,0,0,1,0,0,1,0,0,1.5,1,2004,19
104,40.729839,-73.991781,-0.0219,5.2329,5.7616,7.4877,31,5,37000000,3,0,1,0,0,0,1,0,1,1,1,0,2.5,1,2005,18
1059,37.445586,-122.161929,2.1644,4.7616,4.0027,6.7534,13,3,12000000,2,1,0,0,0,0,1,0,1,1,0,0,2.0,1,2006,17
511,40.3310529,-111.7276347,0.0411,1.5863,2.2795,4.3918,4,2,10000000,2,0,0,0,0,1,0,0,1,0,0,0,2.0,0,2006,17
1102,42.3751,-71.105616,0.6959,1.189,0.6629999999999999,2.6247,5,2,6000000,3,0,0,1,0,0,0,1,1,0,0,0,6.0,1,2011,12
383,37.779281,-122.419236,3.3945,5.0712,5.7233,8.7342,3,2,11725600,2,1,0,0,0,0,0,0,1,1,0,0,2.0,1,2003,20
888,33.923916,-118.39665,4.2219,4.2219,0.0,0.0,4,1,26000000,0,1,0,0,0,0,0,0,0,0,0,1,4.0,1,2001,22
868,37.5783263,-122.3485679,2.8055,2.8055,3.0027,4.6493,6,1,3000000,2,1,0,0,0,0,1,0,0,0,0,0,1.0,1,2008,15
1028,40.74406,-74.004592,6.2849,6.2849,5.7507,7.3068,15,1,6500000,3,0,1,0,0,0,0,0,1,0,0,0,8.0,1,2006,17
521,40.245664,-74.845997,0.7644,0.7644,0.0,0.0,3,1,500000,0,0,0,0,0,1,1,0,0,0,0,0,1.0,1,2009,14
133,41.818712,-71.411775,-1.0,2.2493,1.7479,1.7479,3,2,350000,1,0,0,0,0,1,0,1,0,0,0,0,1.0,1,2010,13
123,42.48510200000001,-71.211568,0.4959,4.9671,1.0,4.5123,10,4,29050000,2,0,0,1,0,0,1,0,0,1,0,0,2.6667,1,2007,16
518,37.426316,-122.141082,0.0849,5.0356,1.8329,1.8329,10,3,19743770,1,1,0,0,0,0,0,0,0,1,1,0,2.5,1,2005,18
970,42.375518,-71.27229200000002,0.1151,1.1507,0.0,0.0,7,3,42000000,0,0,0,1,0,0,0,0,1,1,1,0,2.6667,1,2000,23
1089,40.01621,-105.28131,0.0,3.6548,3.1507,5.3123,14,3,27300000,4,0,0,0,0,1,0,0,1,1,1,0,3.0,1,2006,17
620,39.78373,-100.445882,4.5452,7.8603,0.0,0.0,2,2,28500000,0,1,0,0,0,0,1,0,0,1,0,0,4.5,1,2002,21
894,37.793148,-122.402567,1.1699,1.4986,0.0849,5.3863,3,2,4700000,4,1,0,0,0,0,0,1,1,0,0,0,1.5,1,2005,18
821,37.78505300000001,-122.287295,3.7452,4.9671,4.6822,4.8384,10,2,69000000,2,1,0,0,0,0,0,0,1,1,0,0,3.5,1,2007,16
746,37.779281,-122.419236,2.1726,3.0849,3.0877,4.7753,7,3,6693782,3,1,0,0,0,0,1,0,0,0,0,0,1.6667,1,2008,15
468,37.387845,-122.055197,-0.0438,4.211,6.4164,9.0658,27,4,28300000,4,1,0,0,0,0,0,0,1,1,1,1,2.5,1,2002,21
1040,38.87804000000001,-77.436151,1.8822,1.8822,1.0,1.0,2,1,10000000,1,0,0,0,0,1,0,0,1,0,0,0,2.0,1,2006,17
248,37.409618,-122.017792,5.8274,7.7151,10.0082,10.0082,11,2,25000000,1,1,0,0,0,0,1,0,0,0,0,0,4.5,1,2000,23
735,42.3751,-71.105616,5.1452,5.1452,2.0,2.0,4,1,2000000,1,0,0,1,0,0,1,0,0,0,0,0,1.0,1,2005,18
12,37.424298,-122.139809,0.6767,1.4493,0.0,0.0,2,2,21189,1,1,0,0,0,0,1,1,0,0,0,0,1.0,1,2011,12
203,37.486368,-122.230116,1.8575,4.6027,3.9178,6.4301,15,4,14800000,3,1,0,0,0,0,1,0,0,1,1,0,2.25,1,2006,17
956,37.536402,-122.325129,1.6466,1.6466,0.0,0.0,4,2,7500000,0,1,0,0,0,0,0,1,1,0,0,0,2.0,1,2005,18
1068,37.7710177,-122.4025976,0.6685,0.6685,0.7973,5.2849,1,1,1300000,3,1,0,0,0,0,0,1,0,0,0,0,8.0,1,2007,16
517,37.229676,-121.971225,3.0877,9.3178,0.4959,9.5315,5,3,64000000,2,1,0,0,0,0,1,0,0,1,1,0,3.3333,1,2003,20
160,33.956215,-83.987962,0.2986,0.2986,0.2986,0.2986,1,1,19000,1,0,0,0,0,1,0,1,0,0,0,0,1.0,0,2012,11
917,47.614422,-122.192337,0.0849,1.2712,0.0,0.0,5,3,12500000,0,0,0,0,0,1,1,0,1,1,0,0,2.3333,1,2005,18
636,30.435079,-97.770139,4.9562,10.3151,0.0,0.0,0,4,39000000,0,0,0,0,1,0,1,0,1,0,0,0,3.0,0,2000,23
665,32.833501,-117.26162,1.0877,7.7616,6.8849,6.8849,9,5,40000000,1,1,0,0,0,0,1,0,1,1,1,0,4.0,1,2004,19
323,41.8969173,-87.6435474,0.0,0.6904,0.0,0.6904,6,2,650000,2,0,0,0,0,1,1,1,0,0,0,0,1.0,1,2012,11
154,41.019264,-73.683462,1.9699,3.9205,0.0,0.0,2,2,23000000,0,0,1,0,0,0,1,0,0,0,0,0,3.0,1,2004,19
768,37.441537,-122.158332,1.1863,3.4986,0.0,0.0,0,2,12050000,0,1,0,0,0,0,1,0,1,0,0,0,2.0,1,2004,19
1007,37.433414,-122.128772,1.4301,1.4301,2.3452,3.4575,5,1,4000000,3,1,0,0,0,0,0,0,1,0,0,0,4.0,1,2006,17
70,37.39972,-122.108306,2.7945,6.0356,7.5014,8.0055,16,4,45000000,2,1,0,0,0,0,0,0,1,1,1,0,2.0,1,2003,20
1050,37.779281,-122.419236,0.0,0.0,1.2521,1.2521,4,1,325000,1,1,0,0,0,0,0,1,0,0,0,0,4.0,0,2009,14
220,37.31665260000001,-122.05074,0.9397,5.3178,0.0,0.0,13,5,74000000,0,1,0,0,0,0,1,0,0,1,1,0,5.3333,1,2007,16
49,34.141876,-118.132377,3.8767,7.1973,2.6658,7.1973,3,4,28000000,2,1,0,0,0,0,1,0,0,1,1,0,3.0,1,2003,20
744,37.354469,-121.990433,9.1671,9.1973,0.0,0.0,0,2,17800000,0,1,0,0,0,0,1,0,0,0,0,0,1.0,1,1998,25
877,37.77522800000001,-122.39963,2.5808,4.6082,0.5808,10.2219,3,2,7100000,3,1,0,0,0,0,0,1,1,0,0,0,1.5,1,2001,22
199,40.752516,-73.973072,0.0,0.0,0.1096,0.1096,2,1,5000000,1,0,1,0,0,0,0,0,1,0,0,0,2.0,0,2007,16
1150,41.78942,-87.596232,1.8493,2.1726,2.1699,5.0822,4,2,1000000,3,1,0,0,0,0,0,1,0,0,0,0,4.5,1,2007,16
741,37.391642,-122.09393500000002,0.1781,4.0301,3.674,7.2438,6,3,12400000,4,1,0,0,0,0,1,0,1,1,0,0,1.6667,1,2005,18
887,37.409147,-122.01546299999998,2.0,8.0356,6.5863,6.5863,9,4,29288979,1,1,0,0,0,0,1,0,1,1,1,0,2.6667,1,2002,21
770,37.480999,-122.173887,0.0822,4.3260000000000005,3.663,5.6110000000000015,12,7,88651133,5,0,1,0,0,0,1,1,1,1,1,1,3.1667,1,2005,18
298,38.88521,-76.998641,3.337,3.937,-2.4986,4.7205,5,3,1820000,4,1,0,0,0,0,0,1,0,0,0,0,1.0,0,2008,15
1064,40.729839,-73.991781,0.0082,1.1479,-0.0219,1.2274,5,3,900000,3,0,1,0,0,0,0,1,0,0,0,0,1.5,1,2011,12
147,39.78373,-100.445882,5.8603,7.6986,5.8603,7.6712,28,4,28932322,3,1,0,0,0,0,1,0,0,0,1,0,2.6667,1,2005,18
498,34.031328,-118.471463,4.1753,5.537000000000001,6.3836,6.3836,0,2,8000000,1,1,0,0,0,0,0,0,1,0,0,0,1.5,1,2004,19
554,37.459177,-122.173907,8.4493,8.4493,0.0,0.0,1,1,42700000,0,1,0,0,0,0,0,0,0,1,0,0,3.0,1,1999,24
143,37.428087700000006,-122.143368,0.7178,3.7068,0.537,3.6274,11,3,22100000,4,1,0,0,0,0,1,0,1,1,0,0,2.6667,1,2008,15
867,42.372912,-71.118999,0.5014,3.2959,2.0685,6.9973,18,3,26500000,4,0,0,1,0,0,1,0,1,1,0,0,2.0,1,2006,17
597,40.70438220000001,-73.98657170000001,0.5041,3.3562,3.4219,7.2274,9,5,14400000,5,0,1,0,0,0,0,1,1,1,0,0,5.8,1,2006,17
969,47.603832,-122.330062,0.2521,0.6438,1.2685,1.7479,6,2,532000,2,0,0,0,0,1,0,1,0,0,0,0,5.0,1,2010,13
505,37.4815098,-121.9453283,0.7562,4.4137,2.7836,4.0027,14,4,34250000,2,1,0,0,0,0,1,0,1,1,1,0,2.25,1,2008,15
544,37.767575,-122.411157,4.0877,5.5753,4.0027,4.0027,8,2,12250000,1,1,0,0,0,0,0,0,0,1,1,0,2.5,1,2003,20
616,39.78373,-100.445882,0.6685,0.6685,0.0,0.0,2,1,2600000,1,1,0,0,0,0,0,0,0,0,0,0,1.0,0,2008,15
437,40.723652,-73.985281,0.0,0.0,3.5918,4.3260000000000005,0,1,1000000,2,0,1,0,0,0,0,1,0,0,0,0,1.0,1,2008,15
1080,37.222698,-121.979887,0.7726,0.7726,0.3123,1.1479,3,1,2000000,2,1,0,0,0,0,0,0,0,0,0,0,1.0,0,2011,12
392,38.881717,-77.089398,0.0027,0.0027,0.5836,0.5836,3,1,20000,1,0,0,0,0,1,0,1,0,0,0,0,1.0,0,2009,14
1133,37.762185,-122.467269,2.4192,2.4192,2.5041,8.3973,5,1,7000000,4,1,0,0,0,0,0,0,0,1,0,0,2.0,1,2005,18
164,37.791564,-122.399981,1.874,6.4767,0.0,0.0,4,5,21138876,0,1,0,0,0,0,1,0,1,1,0,0,2.0,1,2005,18
828,37.404788,-121.940842,2.3479,3.4301,2.3562,4.0027,4,2,30000000,2,1,0,0,0,0,0,0,1,1,0,0,2.5,1,2008,15
187,34.01052,-118.495981,0.7945,2.9014,3.0493,6.5233,11,2,2750000,3,1,0,0,0,0,0,1,1,0,0,0,4.0,1,2007,16
595,37.386778,-121.966277,7.4904,7.874,7.0055,7.0055,6,2,18000000,1,1,0,0,0,0,1,0,0,1,0,0,4.0,1,1999,24
268,37.563905,-122.324688,16.9863,16.9863,16.663,18.3233,7,1,6000000,2,1,0,0,0,0,0,0,1,0,0,0,1.0,1,1990,33
722,32.997114,-96.676137,5.9507,5.9507,0.0,0.0,1,1,21500000,0,0,0,0,1,0,0,0,0,0,1,0,4.0,1,2002,21
872,40.441694,-79.990086,1.411,2.5151,0.0,0.0,0,2,1213066,0,0,0,0,0,1,1,0,0,0,0,0,1.0,1,2009,14
1096,34.054935,-118.244476,0.6712,0.6712,0.0,0.7562,3,1,100000,2,1,0,0,0,0,0,1,0,0,0,0,1.0,0,2010,13
188,37.386665,-122.084171,1.6027,2.8137,3.4301,7.411,14,2,11000000,3,1,0,0,0,0,0,0,1,1,0,0,2.0,1,2005,18
565,37.406914,-122.09037,2.3452,3.3534,0.0,0.0,3,2,72300000,0,1,0,0,0,0,0,0,0,1,1,0,4.5,1,2003,20
57,42.37564,-71.2358,3.6137,4.3753,0.0,7.9178,1,2,11800000,2,0,0,1,0,0,0,0,0,0,1,1,4.5,1,2002,21
705,32.962655,-117.189656,3.0575,5.011,0.0,0.0,2,4,89400001,0,1,0,0,0,0,1,0,1,1,0,0,4.3333,1,2007,16
848,42.3751,-71.105616,7.4575,7.4575,5.5863,5.5863,7,1,29000000,1,0,0,1,0,0,1,0,0,0,0,0,7.0,1,2003,20
1016,51.43247,-2.664213,1.3425,1.726,-0.0822,1.7205,8,2,5800000,2,0,0,0,0,1,0,1,1,0,0,0,4.0,1,2010,13
185,42.496515,-71.480233,7.3534,8.126,11.0329,11.0575,13,2,24500000,2,0,0,1,0,0,0,0,0,0,0,0,5.5,1,2000,23
995,40.725435,-73.997395,2.1616,5.6384,3.8329,7.6932,13,4,41500019,5,0,1,0,0,0,0,0,0,0,1,0,4.0,1,2004,19
966,34.01695,-118.451933,2.5836,4.0027,2.0301,4.6164,5,2,4900000,3,1,0,0,0,0,0,0,1,1,0,0,1.0,1,2004,19
452,37.54763,-122.307887,7.2548,7.2548,7.0055,7.0055,7,1,12000000,1,1,0,0,0,0,0,0,0,0,0,0,2.0,1,2000,23
1107,37.354469,-121.990433,5.8411,8.2219,0.0,0.0,4,3,47218498,0,1,0,0,0,0,1,0,0,0,1,1,3.3333,1,2004,19
151,37.785655,-122.398393,0.6658,7.3753,2.3726,2.3726,6,6,37079000,1,1,0,0,0,0,1,0,0,0,1,1,3.8,1,2004,19
144,39.099909,-84.504243,0.0,0.0,0.0,0.0,2,1,20000,1,0,0,0,0,1,0,1,0,0,0,0,1.0,0,2011,12
196,34.019657,-118.487549,0.4685,0.4685,1.1041,1.6795,5,1,3750000,3,1,0,0,0,0,0,0,0,0,0,0,9.0,1,2012,11
909,42.479262,-71.152277,3.7562,3.7562,-1.0,8.674,2,1,22000000,3,0,0,1,0,0,0,0,0,0,1,0,4.0,1,2002,21
973,32.721834,-117.161797,0.5315,1.9205,2.2548,2.9781,12,3,2100000,2,1,0,0,0,0,1,1,0,0,0,0,4.0,1,2010,13
509,42.645342,-71.23454699999998,0.7342,1.1753,0.1616,0.1616,1,2,23400000,1,0,0,0,0,1,0,0,1,1,0,0,2.5,1,2005,18
95,37.381876,-121.95993,1.0027,8.2548,0.0,0.0,6,4,68400000,0,1,0,0,0,0,1,0,1,0,1,1,4.0,1,2000,23
503,37.870102,-122.268136,4.0685,4.0685,3.4192,5.2301,2,1,3800000,3,1,0,0,0,0,0,0,0,1,0,0,2.0,1,2008,15
1039,40.73901,-73.997259,0.8356,3.7616,0.9041,0.9041,5,3,1420698,1,0,1,0,0,0,1,1,0,0,0,0,2.0,1,2007,16
1137,42.391389,-71.270987,2.1233,6.0192,2.0,6.5123,5,3,21900000,2,0,0,1,0,0,1,0,1,1,0,0,1.6667,1,2005,18
607,37.386778,-121.966277,2.1644,5.8493,6.0027,6.0027,3,4,72000000,1,1,0,0,0,0,0,0,1,1,1,0,2.25,1,2002,21
728,42.504817,-71.195611,4.5397,9.337,2.0027,2.0027,2,2,19000000,1,0,0,1,0,0,1,0,0,1,0,0,3.5,1,2003,20
761,37.779281,-122.419236,2.2219,7.3288,7.0055,7.0055,4,3,11000000,1,1,0,0,0,0,1,1,0,1,0,0,1.6667,1,2003,20
1082,37.36883,-122.03635,1.589,1.589,1.1863,2.5452,6,1,3000000,2,1,0,0,0,0,0,0,1,0,0,0,2.0,1,2009,14
659,42.537592,-71.51201,0.3397,5.2247,3.0,6.0329,5,4,48730000,3,0,0,1,0,0,1,0,1,1,1,0,3.0,1,2005,18
257,37.393679,-122.079017,0.6629999999999999,5.8849,6.211,8.6082,29,5,70000000,4,1,0,0,0,0,0,0,1,1,1,1,2.8,1,2005,18
388,37.779281,-122.419236,0.5288,1.0466,1.2959,3.3781,30,3,9807367,3,1,0,0,0,0,0,1,1,0,0,0,8.6667,1,2009,14
336,39.2328783,-76.8204666,7.3151,7.3151,5.0055,5.0055,6,1,16980999,1,0,0,0,0,1,0,0,0,1,0,0,1.0,1,2000,23
591,42.3751,-71.105616,-0.1671,3.6493,4.1507,4.6849,12,4,20350000,3,0,0,1,0,0,0,1,1,1,0,0,3.75,1,2008,15
295,30.35504,-97.801083,1.5808,1.5808,2.2521,2.5342,14,1,3000000,2,0,0,0,1,0,0,0,1,0,0,0,1.0,0,2007,16
1147,26.0524615,-80.1378809,0.0,0.0,0.0,0.0,3,1,120000,0,1,0,0,0,0,0,1,0,0,0,0,2.0,0,2008,15
533,37.441537,-122.158332,2.1452,4.9726,2.3671,2.7123,4,5,7939553,2,1,0,0,0,0,1,0,0,1,0,0,2.0,1,2008,15
757,37.779507,-122.39071,0.6548,3.5452,3.8438,6.5589,27,3,26000000,5,1,0,0,0,0,0,0,1,1,1,0,3.6667,1,2007,16
314,54.983201,-1.574631,-1.0,0.0,-1.5863,0.863,9,2,55600000,2,0,0,0,0,1,0,0,1,1,0,0,2.0,0,2008,15
921,42.49173,-71.28179499999997,4.9342,4.9342,0.0,0.0,2,1,12000000,1,0,0,1,0,0,0,0,0,0,1,0,4.0,1,2001,22
339,38.030823,-78.48158000000002,2.4658,4.8329,0.5863,5.6164,4,2,5000000,6,0,0,0,0,1,0,0,1,1,0,0,1.0,0,2006,17
1116,37.425359,-122.1389633,0.8438,4.2219,0.7616,4.9288,18,3,24030000,3,1,0,0,0,0,0,0,1,1,0,0,3.6667,1,2008,15
1145,40.756054,-73.986951,0.0,3.9562,4.7616,5.1507,24,5,90000000,3,0,1,0,0,0,1,0,1,1,1,1,3.8,1,2007,16
482,37.775206,-122.419209,-0.1808,2.5178,4.6904,4.6904,7,2,6300000,1,1,0,0,0,0,0,0,1,1,0,0,2.0,1,2008,15
747,40.730646,-73.986614,0.926,2.9534,0.8329,2.7425,2,3,3750000,3,0,1,0,0,0,0,1,1,0,0,0,2.0,1,2009,14
1002,37.779281,-122.419236,0.0,1.6685,0.0384,0.0384,2,2,1300000,1,1,0,0,0,0,1,1,0,0,0,0,1.0,1,2010,13
462,37.386778,-121.966277,3.1205,3.1205,4.0027,4.0027,4,1,20000000,1,1,0,0,0,0,0,0,0,1,0,0,3.0,1,2003,20
539,37.400945,-122.111318,4.8438,4.8438,0.0,0.0,2,1,10000000,0,1,0,0,0,0,0,0,0,1,0,0,2.0,0,2004,19
119,26.106273,-80.41894,0.0548,0.0548,0.0685,0.4,4,1,100000,2,0,0,0,0,1,0,1,0,0,0,0,1.0,0,2011,12
464,39.937989,-105.058729,5.0027,5.0027,5.4986,5.4986,3,1,6500000,1,0,0,0,0,1,1,0,0,0,0,0,1.0,1,2001,22
430,42.3634664,-71.07866379999999,1.5836,6.6466,5.0055,7.0877,4,3,78750000,2,0,0,1,0,0,0,0,1,1,0,0,3.5,1,2004,19
242,37.779281,-122.419236,2.5726,2.5726,2.4795,4.6685,7,1,500000,2,1,0,0,0,0,0,1,0,0,0,0,5.0,1,2007,16
706,41.808458,-88.073008,1.2274,5.8712,3.6466,6.6959,4,4,33000000,2,0,0,0,0,1,1,0,1,1,1,0,5.3333,1,2004,19
272,37.763652,-122.421778,0.1671,0.1671,0.6712,3.3151,4,1,500000,2,1,0,0,0,0,0,0,1,0,0,0,4.0,1,2007,16
675,34.491118,-119.808096,10.8795,10.8795,15.4986,15.4986,3,1,1000000,1,1,0,0,0,0,0,0,1,0,0,0,2.0,1,1995,28
475,34.045919,-118.16525,1.6849,5.8493,8.4219,8.4219,4,3,27690547,1,1,0,0,0,0,0,0,0,1,1,1,4.5,1,2004,19
727,42.241765,-71.166164,3.6877,10.137,3.0027,3.0027,2,4,27101994,1,0,0,1,0,0,1,0,0,1,0,0,4.6667,1,2000,23
244,31.5682893,-97.1973664,0.8712,0.8712,0.0,0.0,1,1,30000,0,0,0,0,1,0,0,1,0,0,0,0,1.0,0,2007,16
810,37.54827,-121.988572,2.6986,4.0027,1.0,1.0,2,2,19700000,1,1,0,0,0,0,1,0,0,1,0,0,4.0,1,2003,20
600,37.437328,-122.159928,-0.1288,0.8712,-0.5863,1.2137,4,3,430000,2,1,0,0,0,0,0,1,0,0,0,0,1.6667,0,2007,16
321,42.432106,-71.453968,3.6986,4.1041,0.0,0.0,4,2,15000000,0,0,0,1,0,0,0,0,0,1,0,0,5.0,1,2002,21
239,37.789429,-122.276524,4.0877,9.3068,6.0027,6.0027,5,3,33000000,1,1,0,0,0,0,1,0,0,1,0,1,3.6667,1,2001,22
227,30.268236,-97.740651,2.5233,2.6685,3.0027,4.4247,11,2,14500000,3,0,0,0,1,0,0,0,1,1,0,0,1.5,1,2006,17
633,42.558426,-71.268947,4.7452,8.9562,5.0027,5.0027,10,3,15247925,1,0,0,1,0,0,0,0,0,0,1,1,1.5,1,2001,22
598,39.099909,-84.504243,0.2849,0.2849,0.0,0.2849,2,1,1200000,2,0,0,0,0,1,0,0,1,0,0,0,4.0,1,2009,14
854,39.78373,-100.445882,2.9507,3.5562,0.0,0.0,3,2,20757182,1,1,0,0,0,0,0,0,0,1,0,0,1.0,1,2008,15
1009,37.787249,-122.3990501,0.463,0.463,1.2795,1.8192,16,1,3500000,2,1,0,0,0,0,0,0,1,0,0,0,5.0,1,2010,13
11,40.730646,-73.986614,0.3397,0.3397,0.5452,1.7151,9,1,1200000,3,0,1,0,0,0,0,1,0,0,0,0,5.0,1,2011,12
1141,37.780134,-122.396744,1.6055,3.5479,0.0,0.0,10,3,32200000,0,1,0,0,0,0,0,0,1,1,1,0,4.0,1,2005,18
350,42.36401400000001,-71.101375,0.1945,0.7836,1.211,2.3836,13,4,2345000,3,0,0,1,0,0,0,1,1,0,0,0,5.75,1,2009,14
387,40.753881,-73.978852,1.7479,4.8192,4.0027,4.8192,8,4,55350000,2,0,1,0,0,0,0,0,1,1,1,1,4.0,1,2006,17
1029,40.03935300000001,-76.307448,2.0,3.5562,4.5699,4.5699,3,2,2100000,1,0,0,0,0,1,1,1,0,0,0,0,2.0,0,2006,17
355,37.422859,-122.045217,1.3534,2.1644,4.5178,4.5178,3,2,10500000,1,1,0,0,0,0,0,0,1,1,0,0,2.0,1,2007,16
961,37.779281,-122.419236,4.5315,4.5315,5.5288,5.5288,1,1,1310000,1,1,0,0,0,0,1,0,0,0,0,0,4.0,1,2006,17
693,30.280148,-97.749908,4.8247,4.8247,0.2466,0.2466,1,1,5000000,1,0,0,0,1,0,1,0,0,0,0,0,1.0,1,2005,18
354,30.271393,-97.748623,0.6932,1.4986,3.4164,3.4164,9,2,10000000,1,0,0,0,1,0,0,0,1,0,0,0,2.0,1,2007,16
1069,33.749099,-84.390185,2.4384,2.4384,2.3288,2.4384,10,1,17000000,2,0,0,0,0,1,1,0,0,0,0,0,5.0,1,2009,14
543,34.083228000000005,-118.341449,0.7041,1.1315,1.4493,2.2055,12,2,19000000,2,1,0,0,0,0,0,0,1,1,0,0,3.5,1,2009,14
456,42.341899,-71.065924,3.0,5.0027,9.6247,10.3945,16,2,14500000,2,0,0,1,0,0,0,1,0,1,0,0,2.0,1,2001,22
856,37.406914,-122.09037,3.811,5.1781,1.7507,3.589,2,2,17000000,2,1,0,0,0,0,1,0,0,0,1,0,3.0,1,2003,20
1087,39.78373,-100.445882,1.5151,1.7644,0.7479,0.7479,6,2,2238055,1,0,0,0,0,1,1,1,0,0,0,0,1.0,1,2010,13
1109,47.578174,-122.212731,1.9973,1.9973,-0.0822,3.5205,3,1,6000000,2,0,0,0,0,1,0,0,1,0,0,0,1.0,1,2006,17
989,42.3729,-71.24847199999998,0.5808,2.4603,2.5014,5.0932,17,3,28300000,4,0,0,1,0,0,0,0,1,1,1,0,1.6667,1,2006,17
601,37.36883,-122.03635,1.9562,1.9562,1.0027,1.0027,5,1,5000000,1,1,0,0,0,0,0,0,1,0,0,0,1.0,0,2008,15
957,37.4233896,-122.08995120000002,1.1616,4.1644,3.0,8.9205,19,4,33000000,4,1,0,0,0,0,0,0,1,1,1,1,1.3333,1,2005,18
507,37.388869,-122.072353,0.0849,1.5863,2.1151,4.0,5,2,5700000,3,1,0,0,0,0,0,1,1,0,0,0,4.0,1,2009,14
954,37.424298,-122.139809,0.8027,0.8027,0.0,1.411,5,1,5000000,2,1,0,0,0,0,0,0,1,0,0,0,1.0,1,2010,13
1057,37.779281,-122.419236,6.3342,7.5342,7.1726,10.9315,8,3,17400000,3,1,0,0,0,0,0,0,1,1,0,0,2.3333,1,2000,23
1073,33.87751,-117.727046,2.4521,3.6027,0.0,0.0,9,2,4000000,0,1,0,0,0,0,0,0,1,0,0,0,1.0,1,2009,14
274,37.3821368,-121.970505,2.9178,4.7342,0.0,0.0,1,2,30000000,0,1,0,0,0,0,0,0,1,1,0,0,2.5,1,2003,20
40,37.419347,-122.089639,2.5233,2.5233,4.0027,9.8849,5,1,7660000,3,1,0,0,0,0,0,0,1,0,0,0,6.0,1,2004,19
381,34.054935,-118.244476,1.4466,2.5068,2.5014,3.6411,15,2,41000000,2,1,0,0,0,0,0,0,0,1,1,0,1.5,1,2007,16
414,37.658713,-122.399382,4.4466,8.0849,6.5863,6.5863,4,6,49008830,1,1,0,0,0,0,1,0,1,0,1,0,3.0,1,2004,19
184,39.050108,-77.40082,0.5808,0.5808,-0.5041,3.8301,5,1,750000,3,0,0,0,0,1,0,1,0,0,0,0,2.0,1,2006,17
593,42.3751,-71.105616,0.2466,0.2466,1.1178,1.663,9,1,3000000,2,0,0,1,0,0,0,0,1,0,0,0,1.0,1,2009,14
846,37.427235,-122.145783,1.6712,4.6849,2.9178,6.1151,14,3,5750000,4,1,0,0,0,0,1,1,1,0,0,0,1.0,1,2005,18
967,39.959721,-75.605964,4.5863,4.5863,0.0,0.0,1,1,100000,0,0,0,0,0,1,1,0,0,0,0,0,1.0,1,2006,17
681,47.63609,-122.327028,3.4904,3.4904,5.6603,8.3425,10,1,10000000,3,0,0,0,0,1,0,0,0,0,1,0,2.0,1,2004,19
59,39.7672093,-86.1580785,3.6384,11.9041,10.9836,12.6822,29,7,238209999,3,0,0,0,0,1,1,0,0,0,0,0,2.0,1,2000,23
8,37.390501,-122.081151,1.9342,4.0438,2.0027,10.189,2,2,24300000,3,1,0,0,0,0,0,0,0,1,1,0,2.5,1,2003,20
412,34.062588,-84.16923,6.8356,8.3096,0.0,0.0,5,2,7300000,0,0,0,0,0,1,1,0,1,0,0,0,3.0,1,2000,23
1056,40.750519,-73.993494,2.0,2.0,1.0274,3.1644,8,1,200000,3,0,1,0,0,0,0,1,0,0,0,0,2.0,1,2010,13
348,47.6447802,-122.325878,1.3096,1.3096,1.0027,1.3096,3,1,500000,2,0,0,0,0,1,0,0,1,0,0,0,1.0,1,2008,15
583,42.360253,-71.058291,2.3041,2.3041,-0.3342,2.3589,4,1,2500000,3,0,0,1,0,0,0,0,1,0,0,0,2.0,1,2008,15
851,37.406914,-122.09037,2.1836,3.3068,2.7260000000000004,3.5425,6,2,2000000,2,1,0,0,0,0,1,0,1,0,0,0,1.5,1,2008,15
1114,41.875555,-87.624421,1.0575,1.7699,1.0301,1.1123,6,3,132885,2,0,0,0,0,1,0,1,0,0,0,0,1.0,1,2010,13
941,39.96226,-83.00070600000002,0.0,0.0,0.0,0.0,2,1,250000,1,0,0,0,0,1,0,1,0,0,0,0,1.0,0,2010,13
808,37.779281,-122.419236,0.2959,0.2959,1.5863,1.6658,3,1,400000,2,1,0,0,0,0,0,1,0,0,0,0,1.0,1,2010,13
189,37.381876,-121.95993,2.5808,2.5808,3.0027,4.6082,4,1,20000000,2,1,0,0,0,0,0,0,0,1,0,0,4.0,1,2006,17
506,37.54827,-121.988572,0.7562,4.4137,2.7836,4.0027,14,4,34250000,2,1,0,0,0,0,1,0,1,1,1,0,2.25,1,2008,15
764,38.958402,-77.357974,2.3178,4.2356,-0.3342,-0.3342,2,2,10600000,1,0,0,0,0,1,1,0,0,1,0,0,3.0,1,2003,20
760,45.006515,-93.46651,2.0603,6.2301,0.0,0.0,7,3,28200000,0,0,0,0,0,1,1,0,0,1,1,0,3.0,1,2005,18
78,40.75166110000001,-73.9843328,2.2521,4.7397,5.3370000000000015,7.274,22,3,39007789,5,0,1,0,0,0,0,0,1,1,1,0,3.0,1,2004,19
629,37.398022,-122.049143,1.3259999999999998,2.7096,4.3699,6.462999999999999,6,2,29000000,3,1,0,0,0,0,0,0,0,1,1,0,2.5,1,2004,19
7,37.7983181,-122.4000032,1.137,3.737,2.463,3.2164,14,3,14229998,3,1,0,0,0,0,0,0,1,1,0,0,3.0,1,2007,16
222,40.756054,-73.986951,0.2219,2.0548,0.0411,3.9178,8,4,3499997,3,0,1,0,0,0,1,0,1,0,0,0,1.5,1,2008,15
134,40.74929,-73.981328,1.4192,1.4466,1.663,1.663,5,2,1000000,1,0,1,0,0,0,0,1,0,0,0,0,3.5,0,2009,14
378,37.7795014,-122.3948712,0.1671,2.6493,0.6082,4.7507,10,3,1822922,3,1,0,0,0,0,0,1,1,0,0,0,2.3333,1,2008,15
836,41.940611,-87.835972,4.3836,5.9562,5.4986,5.4986,5,2,55000000,1,0,0,0,0,1,1,0,0,1,0,0,4.0,1,2006,17
574,37.584103000000006,-122.366082,10.7589,10.7589,0.0,0.0,0,1,2000000,0,1,0,0,0,0,0,0,0,0,0,0,1.0,0,1997,26
399,33.7862629,-84.3877936,2.137,10.1288,10.4164,12.1863,35,4,60704370,3,0,0,0,0,1,1,0,0,1,0,1,2.0,1,2000,23
484,32.9583632,-96.8215658,1.8055,1.8055,0.0,0.0,1,1,3000000,0,0,0,0,1,0,0,0,1,0,0,0,1.0,1,2007,16
1113,37.388077,-122.08316,-0.4986,-0.4137,-0.4986,5.7699,10,2,26000000,4,1,0,0,0,0,0,0,1,0,1,0,2.5,1,2007,16
171,37.421692,-121.894156,1.3288,7.0795,4.874,7.0055,25,8,129677153,3,1,0,0,0,0,1,0,1,1,1,1,3.0,1,2006,17
75,37.384239,-122.012475,1.9151,2.5808,2.0,6.9178,10,2,3600000,3,1,0,0,0,0,0,1,1,0,0,0,1.0,0,2005,18
363,37.76690900000001,-122.406676,0.0329,2.2055,4.5151,6.9123,12,3,7175000,6,1,0,0,0,0,0,1,1,1,0,0,2.6667,1,2006,17
827,40.602206,-75.47127900000002,2.3452,2.3452,0.0,0.0,0,1,35000000,0,0,0,0,0,1,0,0,0,0,1,0,1.0,0,2008,15
835,37.452992,-122.185098,1.0849,5.3370000000000015,-0.6164,4.6082,8,5,10400000,2,1,0,0,0,0,1,1,1,0,0,0,1.75,1,2006,17
443,38.897976,-77.028561,3.8192,6.0932,9.0055,9.7726,3,2,19900000,2,0,0,0,0,1,1,0,0,1,0,0,2.0,1,2003,20
996,40.750519,-73.993494,1.4082,1.9068,-0.1616,1.8384,5,2,2212000,2,0,1,0,0,0,0,1,1,0,0,0,3.0,1,2010,13
157,29.739322,-95.444747,1.2904,1.2904,7.1233,7.1233,3,1,2000000,1,0,0,0,1,0,0,0,1,0,0,0,1.0,0,2006,17
843,40.730646,-73.986614,5.3507,5.3507,0.0,0.0,6,1,15000000,0,0,1,0,0,0,0,0,0,0,1,0,4.0,1,2001,22
43,37.79402,-122.4031242,0.7123,0.7123,1.5836,3.0027,5,1,3200000,3,1,0,0,0,0,0,0,1,0,0,0,1.0,1,2008,15
1119,33.020832,-117.077311,0.5041,3.7068,2.9863,4.0219,5,3,9400000,4,1,0,0,0,0,1,0,1,1,0,0,4.0,1,2006,17
564,37.391727,-122.077597,0.1205,0.1205,-0.2438,5.263,6,1,9150000,2,1,0,0,0,0,0,0,1,0,0,0,2.0,1,2006,17
376,37.552262,-122.292146,1.9562,1.9562,1.9562,2.0027,11,1,3011408,3,1,0,0,0,0,0,0,0,1,0,0,1.0,1,2008,15
207,37.36883,-122.03635,2.6247,2.6247,0.0,0.0,4,1,25000000,0,1,0,0,0,0,0,0,0,1,0,0,5.0,1,2003,20
67,47.60706500000001,-122.335373,0.9178,2.4877,2.5808,5.3808,18,3,22400000,3,0,0,0,0,1,1,0,1,1,0,0,3.3333,1,2005,18
297,37.3969138,-121.8939054,6.5726,7.1562,0.0,0.0,1,3,148000000,0,1,0,0,0,0,1,0,0,1,0,0,3.5,1,2000,23
429,40.745003,-73.98322900000002,1.4712,1.4712,1.0027,1.4712,5,1,2000000,2,0,1,0,0,0,0,0,1,0,0,0,3.0,1,2008,15
284,40.7429533,-73.98446109999998,0.0,3.9288,2.9151,5.7342,16,3,18000000,3,0,1,0,0,0,1,0,1,1,0,0,2.3333,1,2006,17
1019,42.504817,-71.195611,3.1616,3.6904,3.0027,4.5041,6,2,16300000,2,0,0,1,0,0,0,0,0,1,0,0,2.0,1,2008,15
898,38.901301,-77.265158,6.6082,6.6082,0.0,0.0,0,1,200000,0,0,0,0,0,1,1,0,0,0,0,0,1.0,0,1999,24
418,40.730646,-73.986614,1.6658,2.1123,2.3041,3.5507,23,2,6100000,2,0,1,0,0,0,0,0,1,1,0,0,1.0,1,2009,14
623,37.320309,-122.05004,0.8603,2.926,3.0,3.0,4,3,19000000,1,1,0,0,0,0,0,0,1,1,0,0,2.0,1,2009,14
51,37.787126,-122.39783,0.6658,3.989,5.0849,7.3699,27,3,11015719,4,1,0,0,0,0,1,0,1,0,0,0,2.0,1,2006,17
76,42.346743,-71.07663199999998,0.8356,7.5863,11.589,13.5863,35,4,33000000,5,0,0,1,0,0,1,0,1,1,1,0,2.5,1,2000,23
652,37.76179550000001,-122.4092704,2.9178,4.2548,2.0027,7.1699,4,2,6500000,3,1,0,0,0,0,0,0,1,0,0,0,7.0,1,2004,19
309,37.537542,-122.327609,6.1342,6.1342,7.1726,7.1726,5,1,8000000,1,1,0,0,0,0,0,0,0,1,0,0,2.0,1,2003,20
829,42.504817,-71.195611,2.0685,2.0685,-1.9151,-1.9151,3,1,25000000,1,0,0,1,0,0,0,0,0,0,0,1,5.0,1,2004,19
305,37.287285,-121.942932,0.4192,1.4658,3.1315,4.137,12,2,7500000,3,1,0,0,0,0,0,0,1,0,0,0,3.5,1,2008,15
879,40.750519,-73.993494,3.2137,3.2137,3.0027,4.6219,5,1,2700000,2,0,1,0,0,0,0,0,1,0,0,0,2.0,1,2007,16
809,37.680766,-122.399971,0.9151,5.5452,5.0027,5.0027,9,2,73000000,1,1,0,0,0,0,1,0,0,1,0,0,3.0,1,2006,17
224,33.7812614,-84.36756170000002,2.0767,4.6603,4.5836,4.726,9,2,13600000,2,0,0,0,0,1,0,0,0,1,1,0,3.0,1,2007,16
712,37.8093381,-122.4166061,0.7479,2.7507,1.5836,4.5315,5,2,3500000,2,1,0,0,0,0,0,0,1,1,0,0,3.0,1,2006,17
141,42.6555302,-71.1455618,8.0986,12.3671,11.8411,12.0548,11,4,24200000,2,0,0,1,0,0,1,0,1,0,1,0,2.3333,1,1999,24
726,37.440682,-122.123103,3.1342,5.2521,3.1342,3.5425,6,2,6760000,2,1,0,0,0,0,1,0,0,0,0,0,1.5,1,2007,16
148,37.794891,-122.397901,0.0,0.0,3.411,3.411,3,1,250000,1,1,0,0,0,0,0,1,0,0,0,0,3.0,0,2008,15
82,37.384717,-122.081625,0.4137,5.3370000000000015,5.5205,7.189,21,4,32006000,3,1,0,0,0,0,0,1,1,1,1,0,1.6667,1,2005,18
581,45.630695,-122.674456,0.0,1.5808,-0.1671,-0.1671,1,2,400000,1,0,0,0,0,1,0,1,0,0,0,0,1.0,0,2009,14
672,35.986906,-78.896718,1.7863,3.3014,2.0822,2.3288,8,3,3352194,2,0,0,0,0,1,0,1,1,0,0,0,9.5,0,2009,14
968,38.046407,-84.497039,-0.2384,0.8493,0.9014,0.9014,3,4,59700,1,0,0,0,0,1,0,1,0,0,0,0,1.0,1,2010,13
625,33.708708,-117.852069,1.189,1.189,2.189,7.7753,5,1,1000000,3,1,0,0,0,0,1,0,0,0,0,0,2.0,1,2005,18
786,37.354469,-121.990433,4.0795,4.0795,0.0,0.0,0,1,4000000,0,1,0,0,0,0,0,0,0,1,0,0,6.0,1,2003,20
875,38.057107,-122.513742,1.6466,6.7616,5.6055,7.3616,25,3,34100000,3,1,0,0,0,0,0,0,1,1,0,1,3.5,1,2004,19
831,37.386778,-121.966277,6.263,6.263,6.0055,6.0055,10,1,22200000,1,1,0,0,0,0,0,0,0,0,0,0,9.0,1,2000,23
